[2026-06-03 16:03:48] production.ERROR: The C:\xampp\htdocs\CODEPHP\bootstrap\cache directory must be present and writable. {"exception":"[object] (Exception(code: 0): The C:\\xampp\\htdocs\\CODEPHP\\bootstrap\\cache directory must be present and writable. at C:/xampp/htdocs/CODEPHP/vendor/laravel/framework/src/Illuminate/Foundation/PackageManifest.php:179)
[stacktrace]
#0 C:/xampp/htdocs/CODEPHP/vendor/laravel/framework/src/Illuminate/Foundation/PackageManifest.php(132): Illuminate/Foundation/PackageManifest->write(Array)
#1 C:/xampp/htdocs/CODEPHP/vendor/laravel/framework/src/Illuminate/Foundation/PackageManifest.php(108): Illuminate/Foundation/PackageManifest->build()
#2 C:/xampp/htdocs/CODEPHP/vendor/laravel/framework/src/Illuminate/Foundation/PackageManifest.php(91): Illuminate/Foundation/PackageManifest->getManifest()
#3 C:/xampp/htdocs/CODEPHP/vendor/laravel/framework/src/Illuminate/Foundation/PackageManifest.php(80): Illuminate/Foundation/PackageManifest->config('aliases')
#4 C:/xampp/htdocs/CODEPHP/vendor/laravel/framework/src/Illuminate/Foundation/Bootstrap/RegisterFacades.php(26): Illuminate/Foundation/PackageManifest->aliases()
#5 C:/xampp/htdocs/CODEPHP/vendor/laravel/framework/src/Illuminate/Foundation/Application.php(342): Illuminate/Foundation/Bootstrap/RegisterFacades->bootstrap(Object(Illuminate/Foundation/Application))
#6 C:/xampp/htdocs/CODEPHP/vendor/laravel/framework/src/Illuminate/Foundation/Http/Kernel.php(187): Illuminate/Foundation/Application->bootstrapWith(Array)
#7 C:/xampp/htdocs/CODEPHP/vendor/laravel/framework/src/Illuminate/Foundation/Http/Kernel.php(171): Illuminate/Foundation/Http/Kernel->bootstrap()
#8 C:/xampp/htdocs/CODEPHP/vendor/laravel/framework/src/Illuminate/Foundation/Http/Kernel.php(145): Illuminate/Foundation/Http/Kernel->sendRequestThroughRouter(Object(Illuminate/Http/Request))
#9 C:/xampp/htdocs/CODEPHP/vendor/laravel/framework/src/Illuminate/Foundation/Application.php(1220): Illuminate/Foundation/Http/Kernel->handle(Object(Illuminate/Http/Request))
#10 C:/xampp/htdocs/CODEPHP/public/index.php(17): Illuminate/Foundation/Application->handleRequest(Object(Illuminate/Http/Request))
#11 {main}
"} 
[2026-06-03 16:03:48] production.ERROR: Target class [view] does not exist. {"exception":"[object] (Illuminate\\Contracts\\Container\\BindingResolutionException(code: 0): Target class [view] does not exist. at C:/xampp/htdocs/CODEPHP/vendor/laravel/framework/src/Illuminate/Container/Container.php:961)
[stacktrace]
#0 C:/xampp/htdocs/CODEPHP/vendor/laravel/framework/src/Illuminate/Container/Container.php(832): Illuminate/Container/Container->build('view')
#1 C:/xampp/htdocs/CODEPHP/vendor/laravel/framework/src/Illuminate/Foundation/Application.php(1078): Illuminate/Container/Container->resolve('view', Array, true)
#2 C:/xampp/htdocs/CODEPHP/vendor/laravel/framework/src/Illuminate/Container/Container.php(763): Illuminate/Foundation/Application->resolve('view', Array)
#3 C:/xampp/htdocs/CODEPHP/vendor/laravel/framework/src/Illuminate/Foundation/Application.php(1058): Illuminate/Container/Container->make('view', Array)
#4 C:/xampp/htdocs/CODEPHP/vendor/laravel/framework/src/Illuminate/Container/Container.php(1580): Illuminate/Foundation/Application->make('view')
#5 C:/xampp/htdocs/CODEPHP/vendor/laravel/framework/src/Illuminate/Support/Facades/Facade.php(239): Illuminate/Container/Container->offsetGet('view')
#6 C:/xampp/htdocs/CODEPHP/vendor/laravel/framework/src/Illuminate/Support/Facades/Facade.php(210): Illuminate/Support/Facades/Facade::resolveFacadeInstance('view')
#7 C:/xampp/htdocs/CODEPHP/vendor/laravel/framework/src/Illuminate/Support/Facades/Facade.php(355): Illuminate/Support/Facades/Facade::getFacadeRoot()
#8 C:/xampp/htdocs/CODEPHP/vendor/laravel/framework/src/Illuminate/Foundation/Exceptions/RegisterErrorViewPaths.php(17): Illuminate/Support/Facades/Facade::__callStatic('replaceNamespac...', Array)
#9 C:/xampp/htdocs/CODEPHP/vendor/laravel/framework/src/Illuminate/Foundation/Exceptions/Handler.php(915): Illuminate/Foundation/Exceptions/RegisterErrorViewPaths->__invoke()
#10 C:/xampp/htdocs/CODEPHP/vendor/laravel/framework/src/Illuminate/Foundation/Exceptions/Handler.php(890): Illuminate/Foundation/Exceptions/Handler->registerErrorViewPaths()
#11 C:/xampp/htdocs/CODEPHP/vendor/laravel/framework/src/Illuminate/Foundation/Exceptions/Handler.php(815): Illuminate/Foundation/Exceptions/Handler->renderHttpException(Object(Symfony/Component/HttpKernel/Exception/HttpException))
#12 C:/xampp/htdocs/CODEPHP/vendor/laravel/framework/src/Illuminate/Foundation/Exceptions/Handler.php(706): Illuminate/Foundation/Exceptions/Handler->prepareResponse(Object(Illuminate/Http/Request), Object(Symfony/Component/HttpKernel/Exception/HttpException))
#13 C:/xampp/htdocs/CODEPHP/vendor/laravel/framework/src/Illuminate/Foundation/Exceptions/Handler.php(594): Illuminate/Foundation/Exceptions/Handler->renderExceptionResponse(Object(Illuminate/Http/Request), Object(Exception))
#14 C:/xampp/htdocs/CODEPHP/vendor/laravel/framework/src/Illuminate/Foundation/Http/Kernel.php(575): Illuminate/Foundation/Exceptions/Handler->render(Object(Illuminate/Http/Request), Object(Exception))
#15 C:/xampp/htdocs/CODEPHP/vendor/laravel/framework/src/Illuminate/Foundation/Http/Kernel.php(149): Illuminate/Foundation/Http/Kernel->renderException(Object(Illuminate/Http/Request), Object(Exception))
#16 C:/xampp/htdocs/CODEPHP/vendor/laravel/framework/src/Illuminate/Foundation/Application.php(1220): Illuminate/Foundation/Http/Kernel->handle(Object(Illuminate/Http/Request))
#17 C:/xampp/htdocs/CODEPHP/public/index.php(17): Illuminate/Foundation/Application->handleRequest(Object(Illuminate/Http/Request))
#18 {main}

[previous exception] [object] (ReflectionException(code: -1): Class \"view\" does not exist at C:/xampp/htdocs/CODEPHP/vendor/laravel/framework/src/Illuminate/Container/Container.php:959)
[stacktrace]
#0 C:/xampp/htdocs/CODEPHP/vendor/laravel/framework/src/Illuminate/Container/Container.php(959): ReflectionClass->__construct('view')
#1 C:/xampp/htdocs/CODEPHP/vendor/laravel/framework/src/Illuminate/Container/Container.php(832): Illuminate/Container/Container->build('view')
#2 C:/xampp/htdocs/CODEPHP/vendor/laravel/framework/src/Illuminate/Foundation/Application.php(1078): Illuminate/Container/Container->resolve('view', Array, true)
#3 C:/xampp/htdocs/CODEPHP/vendor/laravel/framework/src/Illuminate/Container/Container.php(763): Illuminate/Foundation/Application->resolve('view', Array)
#4 C:/xampp/htdocs/CODEPHP/vendor/laravel/framework/src/Illuminate/Foundation/Application.php(1058): Illuminate/Container/Container->make('view', Array)
#5 C:/xampp/htdocs/CODEPHP/vendor/laravel/framework/src/Illuminate/Container/Container.php(1580): Illuminate/Foundation/Application->make('view')
#6 C:/xampp/htdocs/CODEPHP/vendor/laravel/framework/src/Illuminate/Support/Facades/Facade.php(239): Illuminate/Container/Container->offsetGet('view')
#7 C:/xampp/htdocs/CODEPHP/vendor/laravel/framework/src/Illuminate/Support/Facades/Facade.php(210): Illuminate/Support/Facades/Facade::resolveFacadeInstance('view')
#8 C:/xampp/htdocs/CODEPHP/vendor/laravel/framework/src/Illuminate/Support/Facades/Facade.php(355): Illuminate/Support/Facades/Facade::getFacadeRoot()
#9 C:/xampp/htdocs/CODEPHP/vendor/laravel/framework/src/Illuminate/Foundation/Exceptions/RegisterErrorViewPaths.php(17): Illuminate/Support/Facades/Facade::__callStatic('replaceNamespac...', Array)
#10 C:/xampp/htdocs/CODEPHP/vendor/laravel/framework/src/Illuminate/Foundation/Exceptions/Handler.php(915): Illuminate/Foundation/Exceptions/RegisterErrorViewPaths->__invoke()
#11 C:/xampp/htdocs/CODEPHP/vendor/laravel/framework/src/Illuminate/Foundation/Exceptions/Handler.php(890): Illuminate/Foundation/Exceptions/Handler->registerErrorViewPaths()
#12 C:/xampp/htdocs/CODEPHP/vendor/laravel/framework/src/Illuminate/Foundation/Exceptions/Handler.php(815): Illuminate/Foundation/Exceptions/Handler->renderHttpException(Object(Symfony/Component/HttpKernel/Exception/HttpException))
#13 C:/xampp/htdocs/CODEPHP/vendor/laravel/framework/src/Illuminate/Foundation/Exceptions/Handler.php(706): Illuminate/Foundation/Exceptions/Handler->prepareResponse(Object(Illuminate/Http/Request), Object(Symfony/Component/HttpKernel/Exception/HttpException))
#14 C:/xampp/htdocs/CODEPHP/vendor/laravel/framework/src/Illuminate/Foundation/Exceptions/Handler.php(594): Illuminate/Foundation/Exceptions/Handler->renderExceptionResponse(Object(Illuminate/Http/Request), Object(Exception))
#15 C:/xampp/htdocs/CODEPHP/vendor/laravel/framework/src/Illuminate/Foundation/Http/Kernel.php(575): Illuminate/Foundation/Exceptions/Handler->render(Object(Illuminate/Http/Request), Object(Exception))
#16 C:/xampp/htdocs/CODEPHP/vendor/laravel/framework/src/Illuminate/Foundation/Http/Kernel.php(149): Illuminate/Foundation/Http/Kernel->renderException(Object(Illuminate/Http/Request), Object(Exception))
#17 C:/xampp/htdocs/CODEPHP/vendor/laravel/framework/src/Illuminate/Foundation/Application.php(1220): Illuminate/Foundation/Http/Kernel->handle(Object(Illuminate/Http/Request))
#18 C:/xampp/htdocs/CODEPHP/public/index.php(17): Illuminate/Foundation/Application->handleRequest(Object(Illuminate/Http/Request))
#19 {main}
"} 
[2026-06-03 16:03:48] production.ERROR: Uncaught ReflectionException: Class "view" does not exist in C:\xampp\htdocs\CODEPHP\vendor\laravel\framework\src\Illuminate\Container\Container.php:959
Stack trace:
#0 C:\xampp\htdocs\CODEPHP\vendor\laravel\framework\src\Illuminate\Container\Container.php(959): ReflectionClass->__construct('view')
#1 C:\xampp\htdocs\CODEPHP\vendor\laravel\framework\src\Illuminate\Container\Container.php(832): Illuminate\Container\Container->build('view')
#2 C:\xampp\htdocs\CODEPHP\vendor\laravel\framework\src\Illuminate\Foundation\Application.php(1078): Illuminate\Container\Container->resolve('view', Array, true)
#3 C:\xampp\htdocs\CODEPHP\vendor\laravel\framework\src\Illuminate\Container\Container.php(763): Illuminate\Foundation\Application->resolve('view', Array)
#4 C:\xampp\htdocs\CODEPHP\vendor\laravel\framework\src\Illuminate\Foundation\Application.php(1058): Illuminate\Container\Container->make('view', Array)
#5 C:\xampp\htdocs\CODEPHP\vendor\laravel\framework\src\Illuminate\Container\Container.php(1580): Illuminate\Foundation\Application->make('view')
#6 C:\xampp\htdocs\CODEPHP\vendor\laravel\framework\src\Illuminate\Support\Facades\Facade.php(239): Illuminate\Container\Container->offsetGet('view')
#7 C:\xampp\htdocs\CODEPHP\vendor\laravel\framework\src\Illuminate\Support\Facades\Facade.php(210): Illuminate\Support\Facades\Facade::resolveFacadeInstance('view')
#8 C:\xampp\htdocs\CODEPHP\vendor\laravel\framework\src\Illuminate\Support\Facades\Facade.php(355): Illuminate\Support\Facades\Facade::getFacadeRoot()
#9 C:\xampp\htdocs\CODEPHP\vendor\laravel\framework\src\Illuminate\Foundation\Exceptions\RegisterErrorViewPaths.php(17): Illuminate\Support\Facades\Facade::__callStatic('replaceNamespac...', Array)
#10 C:\xampp\htdocs\CODEPHP\vendor\laravel\framework\src\Illuminate\Foundation\Exceptions\Handler.php(915): Illuminate\Foundation\Exceptions\RegisterErrorViewPaths->__invoke()
#11 C:\xampp\htdocs\CODEPHP\vendor\laravel\framework\src\Illuminate\Foundation\Exceptions\Handler.php(890): Illuminate\Foundation\Exceptions\Handler->registerErrorViewPaths()
#12 C:\xampp\htdocs\CODEPHP\vendor\laravel\framework\src\Illuminate\Foundation\Exceptions\Handler.php(815): Illuminate\Foundation\Exceptions\Handler->renderHttpException(Object(Symfony\Component\HttpKernel\Exception\HttpException))
#13 C:\xampp\htdocs\CODEPHP\vendor\laravel\framework\src\Illuminate\Foundation\Exceptions\Handler.php(706): Illuminate\Foundation\Exceptions\Handler->prepareResponse(Object(Illuminate\Http\Request), Object(Symfony\Component\HttpKernel\Exception\HttpException))
#14 C:\xampp\htdocs\CODEPHP\vendor\laravel\framework\src\Illuminate\Foundation\Exceptions\Handler.php(594): Illuminate\Foundation\Exceptions\Handler->renderExceptionResponse(Object(Illuminate\Http\Request), Object(Illuminate\Contracts\Container\BindingResolutionException))
#15 C:\xampp\htdocs\CODEPHP\vendor\laravel\framework\src\Illuminate\Foundation\Bootstrap\HandleExceptions.php(221): Illuminate\Foundation\Exceptions\Handler->render(Object(Illuminate\Http\Request), Object(Illuminate\Contracts\Container\BindingResolutionException))
#16 C:\xampp\htdocs\CODEPHP\vendor\laravel\framework\src\Illuminate\Foundation\Bootstrap\HandleExceptions.php(198): Illuminate\Foundation\Bootstrap\HandleExceptions->renderHttpResponse(Object(Illuminate\Contracts\Container\BindingResolutionException))
#17 C:\xampp\htdocs\CODEPHP\vendor\laravel\framework\src\Illuminate\Foundation\Bootstrap\HandleExceptions.php(258): Illuminate\Foundation\Bootstrap\HandleExceptions->handleException(Object(Illuminate\Contracts\Container\BindingResolutionException))
#18 [internal function]: Illuminate\Foundation\Bootstrap\HandleExceptions->Illuminate\Foundation\Bootstrap\{closure}(Object(Illuminate\Contracts\Container\BindingResolutionException))
#19 {main}

Next Illuminate\Contracts\Container\BindingResolutionException: Target class [view] does not exist. in C:\xampp\htdocs\CODEPHP\vendor\laravel\framework\src\Illuminate\Container\Container.php:961
Stack trace:
#0 C:\xampp\htdocs\CODEPHP\vendor\laravel\framework\src\Illuminate\Container\Container.php(832): Illuminate\Container\Container->build('view')
#1 C:\xampp\htdocs\CODEPHP\vendor\laravel\framework\src\Illuminate\Foundation\Application.php(1078): Illuminate\Container\Container->resolve('view', Array, true)
#2 C:\xampp\htdocs\CODEPHP\vendor\laravel\framework\src\Illuminate\Container\Container.php(763): Illuminate\Foundation\Application->resolve('view', Array)
#3 C:\xampp\htdocs\CODEPHP\vendor\laravel\framework\src\Illuminate\Foundation\Application.php(1058): Illuminate\Container\Container->make('view', Array)
#4 C:\xampp\htdocs\CODEPHP\vendor\laravel\framework\src\Illuminate\Container\Container.php(1580): Illuminate\Foundation\Application->make('view')
#5 C:\xampp\htdocs\CODEPHP\vendor\laravel\framework\src\Illuminate\Support\Facades\Facade.php(239): Illuminate\Container\Container->offsetGet('view')
#6 C:\xampp\htdocs\CODEPHP\vendor\laravel\framework\src\Illuminate\Support\Facades\Facade.php(210): Illuminate\Support\Facades\Facade::resolveFacadeInstance('view')
#7 C:\xampp\htdocs\CODEPHP\vendor\laravel\framework\src\Illuminate\Support\Facades\Facade.php(355): Illuminate\Support\Facades\Facade::getFacadeRoot()
#8 C:\xampp\htdocs\CODEPHP\vendor\laravel\framework\src\Illuminate\Foundation\Exceptions\RegisterErrorViewPaths.php(17): Illuminate\Support\Facades\Facade::__callStatic('replaceNamespac...', Array)
#9 C:\xampp\htdocs\CODEPHP\vendor\laravel\framework\src\Illuminate\Foundation\Exceptions\Handler.php(915): Illuminate\Foundation\Exceptions\RegisterErrorViewPaths->__invoke()
#10 C:\xampp\htdocs\CODEPHP\vendor\laravel\framework\src\Illuminate\Foundation\Exceptions\Handler.php(890): Illuminate\Foundation\Exceptions\Handler->registerErrorViewPaths()
#11 C:\xampp\htdocs\CODEPHP\vendor\laravel\framework\src\Illuminate\Foundation\Exceptions\Handler.php(815): Illuminate\Foundation\Exceptions\Handler->renderHttpException(Object(Symfony\Component\HttpKernel\Exception\HttpException))
#12 C:\xampp\htdocs\CODEPHP\vendor\laravel\framework\src\Illuminate\Foundation\Exceptions\Handler.php(706): Illuminate\Foundation\Exceptions\Handler->prepareResponse(Object(Illuminate\Http\Request), Object(Symfony\Component\HttpKernel\Exception\HttpException))
#13 C:\xampp\htdocs\CODEPHP\vendor\laravel\framework\src\Illuminate\Foundation\Exceptions\Handler.php(594): Illuminate\Foundation\Exceptions\Handler->renderExceptionResponse(Object(Illuminate\Http\Request), Object(Illuminate\Contracts\Container\BindingResolutionException))
#14 C:\xampp\htdocs\CODEPHP\vendor\laravel\framework\src\Illuminate\Foundation\Bootstrap\HandleExceptions.php(221): Illuminate\Foundation\Exceptions\Handler->render(Object(Illuminate\Http\Request), Object(Illuminate\Contracts\Container\BindingResolutionException))
#15 C:\xampp\htdocs\CODEPHP\vendor\laravel\framework\src\Illuminate\Foundation\Bootstrap\HandleExceptions.php(198): Illuminate\Foundation\Bootstrap\HandleExceptions->renderHttpResponse(Object(Illuminate\Contracts\Container\BindingResolutionException))
#16 C:\xampp\htdocs\CODEPHP\vendor\laravel\framework\src\Illuminate\Foundation\Bootstrap\HandleExceptions.php(258): Illuminate\Foundation\Bootstrap\HandleExceptions->handleException(Object(Illuminate\Contracts\Container\BindingResolutionException))
#17 [internal function]: Illuminate\Foundation\Bootstrap\HandleExceptions->Illuminate\Foundation\Bootstrap\{closure}(Object(Illuminate\Contracts\Container\BindingResolutionException))
#18 {main}
  thrown {"exception":"[object] (Symfony\\Component\\ErrorHandler\\Error\\FatalError(code: 0): Uncaught ReflectionException: Class \"view\" does not exist in C:\\xampp\\htdocs\\CODEPHP\\vendor\\laravel\\framework\\src\\Illuminate\\Container\\Container.php:959
Stack trace:
#0 C:\\xampp\\htdocs\\CODEPHP\\vendor\\laravel\\framework\\src\\Illuminate\\Container\\Container.php(959): ReflectionClass->__construct('view')
#1 C:\\xampp\\htdocs\\CODEPHP\\vendor\\laravel\\framework\\src\\Illuminate\\Container\\Container.php(832): Illuminate\\Container\\Container->build('view')
#2 C:\\xampp\\htdocs\\CODEPHP\\vendor\\laravel\\framework\\src\\Illuminate\\Foundation\\Application.php(1078): Illuminate\\Container\\Container->resolve('view', Array, true)
#3 C:\\xampp\\htdocs\\CODEPHP\\vendor\\laravel\\framework\\src\\Illuminate\\Container\\Container.php(763): Illuminate\\Foundation\\Application->resolve('view', Array)
#4 C:\\xampp\\htdocs\\CODEPHP\\vendor\\laravel\\framework\\src\\Illuminate\\Foundation\\Application.php(1058): Illuminate\\Container\\Container->make('view', Array)
#5 C:\\xampp\\htdocs\\CODEPHP\\vendor\\laravel\\framework\\src\\Illuminate\\Container\\Container.php(1580): Illuminate\\Foundation\\Application->make('view')
#6 C:\\xampp\\htdocs\\CODEPHP\\vendor\\laravel\\framework\\src\\Illuminate\\Support\\Facades\\Facade.php(239): Illuminate\\Container\\Container->offsetGet('view')
#7 C:\\xampp\\htdocs\\CODEPHP\\vendor\\laravel\\framework\\src\\Illuminate\\Support\\Facades\\Facade.php(210): Illuminate\\Support\\Facades\\Facade::resolveFacadeInstance('view')
#8 C:\\xampp\\htdocs\\CODEPHP\\vendor\\laravel\\framework\\src\\Illuminate\\Support\\Facades\\Facade.php(355): Illuminate\\Support\\Facades\\Facade::getFacadeRoot()
#9 C:\\xampp\\htdocs\\CODEPHP\\vendor\\laravel\\framework\\src\\Illuminate\\Foundation\\Exceptions\\RegisterErrorViewPaths.php(17): Illuminate\\Support\\Facades\\Facade::__callStatic('replaceNamespac...', Array)
#10 C:\\xampp\\htdocs\\CODEPHP\\vendor\\laravel\\framework\\src\\Illuminate\\Foundation\\Exceptions\\Handler.php(915): Illuminate\\Foundation\\Exceptions\\RegisterErrorViewPaths->__invoke()
#11 C:\\xampp\\htdocs\\CODEPHP\\vendor\\laravel\\framework\\src\\Illuminate\\Foundation\\Exceptions\\Handler.php(890): Illuminate\\Foundation\\Exceptions\\Handler->registerErrorViewPaths()
#12 C:\\xampp\\htdocs\\CODEPHP\\vendor\\laravel\\framework\\src\\Illuminate\\Foundation\\Exceptions\\Handler.php(815): Illuminate\\Foundation\\Exceptions\\Handler->renderHttpException(Object(Symfony\\Component\\HttpKernel\\Exception\\HttpException))
#13 C:\\xampp\\htdocs\\CODEPHP\\vendor\\laravel\\framework\\src\\Illuminate\\Foundation\\Exceptions\\Handler.php(706): Illuminate\\Foundation\\Exceptions\\Handler->prepareResponse(Object(Illuminate\\Http\\Request), Object(Symfony\\Component\\HttpKernel\\Exception\\HttpException))
#14 C:\\xampp\\htdocs\\CODEPHP\\vendor\\laravel\\framework\\src\\Illuminate\\Foundation\\Exceptions\\Handler.php(594): Illuminate\\Foundation\\Exceptions\\Handler->renderExceptionResponse(Object(Illuminate\\Http\\Request), Object(Illuminate\\Contracts\\Container\\BindingResolutionException))
#15 C:\\xampp\\htdocs\\CODEPHP\\vendor\\laravel\\framework\\src\\Illuminate\\Foundation\\Bootstrap\\HandleExceptions.php(221): Illuminate\\Foundation\\Exceptions\\Handler->render(Object(Illuminate\\Http\\Request), Object(Illuminate\\Contracts\\Container\\BindingResolutionException))
#16 C:\\xampp\\htdocs\\CODEPHP\\vendor\\laravel\\framework\\src\\Illuminate\\Foundation\\Bootstrap\\HandleExceptions.php(198): Illuminate\\Foundation\\Bootstrap\\HandleExceptions->renderHttpResponse(Object(Illuminate\\Contracts\\Container\\BindingResolutionException))
#17 C:\\xampp\\htdocs\\CODEPHP\\vendor\\laravel\\framework\\src\\Illuminate\\Foundation\\Bootstrap\\HandleExceptions.php(258): Illuminate\\Foundation\\Bootstrap\\HandleExceptions->handleException(Object(Illuminate\\Contracts\\Container\\BindingResolutionException))
#18 [internal function]: Illuminate\\Foundation\\Bootstrap\\HandleExceptions->Illuminate\\Foundation\\Bootstrap\\{closure}(Object(Illuminate\\Contracts\\Container\\BindingResolutionException))
#19 {main}

Next Illuminate\\Contracts\\Container\\BindingResolutionException: Target class [view] does not exist. in C:\\xampp\\htdocs\\CODEPHP\\vendor\\laravel\\framework\\src\\Illuminate\\Container\\Container.php:961
Stack trace:
#0 C:\\xampp\\htdocs\\CODEPHP\\vendor\\laravel\\framework\\src\\Illuminate\\Container\\Container.php(832): Illuminate\\Container\\Container->build('view')
#1 C:\\xampp\\htdocs\\CODEPHP\\vendor\\laravel\\framework\\src\\Illuminate\\Foundation\\Application.php(1078): Illuminate\\Container\\Container->resolve('view', Array, true)
#2 C:\\xampp\\htdocs\\CODEPHP\\vendor\\laravel\\framework\\src\\Illuminate\\Container\\Container.php(763): Illuminate\\Foundation\\Application->resolve('view', Array)
#3 C:\\xampp\\htdocs\\CODEPHP\\vendor\\laravel\\framework\\src\\Illuminate\\Foundation\\Application.php(1058): Illuminate\\Container\\Container->make('view', Array)
#4 C:\\xampp\\htdocs\\CODEPHP\\vendor\\laravel\\framework\\src\\Illuminate\\Container\\Container.php(1580): Illuminate\\Foundation\\Application->make('view')
#5 C:\\xampp\\htdocs\\CODEPHP\\vendor\\laravel\\framework\\src\\Illuminate\\Support\\Facades\\Facade.php(239): Illuminate\\Container\\Container->offsetGet('view')
#6 C:\\xampp\\htdocs\\CODEPHP\\vendor\\laravel\\framework\\src\\Illuminate\\Support\\Facades\\Facade.php(210): Illuminate\\Support\\Facades\\Facade::resolveFacadeInstance('view')
#7 C:\\xampp\\htdocs\\CODEPHP\\vendor\\laravel\\framework\\src\\Illuminate\\Support\\Facades\\Facade.php(355): Illuminate\\Support\\Facades\\Facade::getFacadeRoot()
#8 C:\\xampp\\htdocs\\CODEPHP\\vendor\\laravel\\framework\\src\\Illuminate\\Foundation\\Exceptions\\RegisterErrorViewPaths.php(17): Illuminate\\Support\\Facades\\Facade::__callStatic('replaceNamespac...', Array)
#9 C:\\xampp\\htdocs\\CODEPHP\\vendor\\laravel\\framework\\src\\Illuminate\\Foundation\\Exceptions\\Handler.php(915): Illuminate\\Foundation\\Exceptions\\RegisterErrorViewPaths->__invoke()
#10 C:\\xampp\\htdocs\\CODEPHP\\vendor\\laravel\\framework\\src\\Illuminate\\Foundation\\Exceptions\\Handler.php(890): Illuminate\\Foundation\\Exceptions\\Handler->registerErrorViewPaths()
#11 C:\\xampp\\htdocs\\CODEPHP\\vendor\\laravel\\framework\\src\\Illuminate\\Foundation\\Exceptions\\Handler.php(815): Illuminate\\Foundation\\Exceptions\\Handler->renderHttpException(Object(Symfony\\Component\\HttpKernel\\Exception\\HttpException))
#12 C:\\xampp\\htdocs\\CODEPHP\\vendor\\laravel\\framework\\src\\Illuminate\\Foundation\\Exceptions\\Handler.php(706): Illuminate\\Foundation\\Exceptions\\Handler->prepareResponse(Object(Illuminate\\Http\\Request), Object(Symfony\\Component\\HttpKernel\\Exception\\HttpException))
#13 C:\\xampp\\htdocs\\CODEPHP\\vendor\\laravel\\framework\\src\\Illuminate\\Foundation\\Exceptions\\Handler.php(594): Illuminate\\Foundation\\Exceptions\\Handler->renderExceptionResponse(Object(Illuminate\\Http\\Request), Object(Illuminate\\Contracts\\Container\\BindingResolutionException))
#14 C:\\xampp\\htdocs\\CODEPHP\\vendor\\laravel\\framework\\src\\Illuminate\\Foundation\\Bootstrap\\HandleExceptions.php(221): Illuminate\\Foundation\\Exceptions\\Handler->render(Object(Illuminate\\Http\\Request), Object(Illuminate\\Contracts\\Container\\BindingResolutionException))
#15 C:\\xampp\\htdocs\\CODEPHP\\vendor\\laravel\\framework\\src\\Illuminate\\Foundation\\Bootstrap\\HandleExceptions.php(198): Illuminate\\Foundation\\Bootstrap\\HandleExceptions->renderHttpResponse(Object(Illuminate\\Contracts\\Container\\BindingResolutionException))
#16 C:\\xampp\\htdocs\\CODEPHP\\vendor\\laravel\\framework\\src\\Illuminate\\Foundation\\Bootstrap\\HandleExceptions.php(258): Illuminate\\Foundation\\Bootstrap\\HandleExceptions->handleException(Object(Illuminate\\Contracts\\Container\\BindingResolutionException))
#17 [internal function]: Illuminate\\Foundation\\Bootstrap\\HandleExceptions->Illuminate\\Foundation\\Bootstrap\\{closure}(Object(Illuminate\\Contracts\\Container\\BindingResolutionException))
#18 {main}
  thrown at C:/xampp/htdocs/CODEPHP/vendor/laravel/framework/src/Illuminate/Container/Container.php:961)
[stacktrace]
#0 {main}
"} 
[2026-06-03 16:03:49] production.ERROR: The C:\xampp\htdocs\CODEPHP\bootstrap\cache directory must be present and writable. {"exception":"[object] (Exception(code: 0): The C:\\xampp\\htdocs\\CODEPHP\\bootstrap\\cache directory must be present and writable. at C:/xampp/htdocs/CODEPHP/vendor/laravel/framework/src/Illuminate/Foundation/PackageManifest.php:179)
[stacktrace]
#0 C:/xampp/htdocs/CODEPHP/vendor/laravel/framework/src/Illuminate/Foundation/PackageManifest.php(132): Illuminate/Foundation/PackageManifest->write(Array)
#1 C:/xampp/htdocs/CODEPHP/vendor/laravel/framework/src/Illuminate/Foundation/PackageManifest.php(108): Illuminate/Foundation/PackageManifest->build()
#2 C:/xampp/htdocs/CODEPHP/vendor/laravel/framework/src/Illuminate/Foundation/PackageManifest.php(91): Illuminate/Foundation/PackageManifest->getManifest()
#3 C:/xampp/htdocs/CODEPHP/vendor/laravel/framework/src/Illuminate/Foundation/PackageManifest.php(80): Illuminate/Foundation/PackageManifest->config('aliases')
#4 C:/xampp/htdocs/CODEPHP/vendor/laravel/framework/src/Illuminate/Foundation/Bootstrap/RegisterFacades.php(26): Illuminate/Foundation/PackageManifest->aliases()
#5 C:/xampp/htdocs/CODEPHP/vendor/laravel/framework/src/Illuminate/Foundation/Application.php(342): Illuminate/Foundation/Bootstrap/RegisterFacades->bootstrap(Object(Illuminate/Foundation/Application))
#6 C:/xampp/htdocs/CODEPHP/vendor/laravel/framework/src/Illuminate/Foundation/Http/Kernel.php(187): Illuminate/Foundation/Application->bootstrapWith(Array)
#7 C:/xampp/htdocs/CODEPHP/vendor/laravel/framework/src/Illuminate/Foundation/Http/Kernel.php(171): Illuminate/Foundation/Http/Kernel->bootstrap()
#8 C:/xampp/htdocs/CODEPHP/vendor/laravel/framework/src/Illuminate/Foundation/Http/Kernel.php(145): Illuminate/Foundation/Http/Kernel->sendRequestThroughRouter(Object(Illuminate/Http/Request))
#9 C:/xampp/htdocs/CODEPHP/vendor/laravel/framework/src/Illuminate/Foundation/Application.php(1220): Illuminate/Foundation/Http/Kernel->handle(Object(Illuminate/Http/Request))
#10 C:/xampp/htdocs/CODEPHP/public/index.php(17): Illuminate/Foundation/Application->handleRequest(Object(Illuminate/Http/Request))
#11 {main}
"} 
[2026-06-03 16:03:49] production.ERROR: Target class [view] does not exist. {"exception":"[object] (Illuminate\\Contracts\\Container\\BindingResolutionException(code: 0): Target class [view] does not exist. at C:/xampp/htdocs/CODEPHP/vendor/laravel/framework/src/Illuminate/Container/Container.php:961)
[stacktrace]
#0 C:/xampp/htdocs/CODEPHP/vendor/laravel/framework/src/Illuminate/Container/Container.php(832): Illuminate/Container/Container->build('view')
#1 C:/xampp/htdocs/CODEPHP/vendor/laravel/framework/src/Illuminate/Foundation/Application.php(1078): Illuminate/Container/Container->resolve('view', Array, true)
#2 C:/xampp/htdocs/CODEPHP/vendor/laravel/framework/src/Illuminate/Container/Container.php(763): Illuminate/Foundation/Application->resolve('view', Array)
#3 C:/xampp/htdocs/CODEPHP/vendor/laravel/framework/src/Illuminate/Foundation/Application.php(1058): Illuminate/Container/Container->make('view', Array)
#4 C:/xampp/htdocs/CODEPHP/vendor/laravel/framework/src/Illuminate/Container/Container.php(1580): Illuminate/Foundation/Application->make('view')
#5 C:/xampp/htdocs/CODEPHP/vendor/laravel/framework/src/Illuminate/Support/Facades/Facade.php(239): Illuminate/Container/Container->offsetGet('view')
#6 C:/xampp/htdocs/CODEPHP/vendor/laravel/framework/src/Illuminate/Support/Facades/Facade.php(210): Illuminate/Support/Facades/Facade::resolveFacadeInstance('view')
#7 C:/xampp/htdocs/CODEPHP/vendor/laravel/framework/src/Illuminate/Support/Facades/Facade.php(355): Illuminate/Support/Facades/Facade::getFacadeRoot()
#8 C:/xampp/htdocs/CODEPHP/vendor/laravel/framework/src/Illuminate/Foundation/Exceptions/RegisterErrorViewPaths.php(17): Illuminate/Support/Facades/Facade::__callStatic('replaceNamespac...', Array)
#9 C:/xampp/htdocs/CODEPHP/vendor/laravel/framework/src/Illuminate/Foundation/Exceptions/Handler.php(915): Illuminate/Foundation/Exceptions/RegisterErrorViewPaths->__invoke()
#10 C:/xampp/htdocs/CODEPHP/vendor/laravel/framework/src/Illuminate/Foundation/Exceptions/Handler.php(890): Illuminate/Foundation/Exceptions/Handler->registerErrorViewPaths()
#11 C:/xampp/htdocs/CODEPHP/vendor/laravel/framework/src/Illuminate/Foundation/Exceptions/Handler.php(815): Illuminate/Foundation/Exceptions/Handler->renderHttpException(Object(Symfony/Component/HttpKernel/Exception/HttpException))
#12 C:/xampp/htdocs/CODEPHP/vendor/laravel/framework/src/Illuminate/Foundation/Exceptions/Handler.php(706): Illuminate/Foundation/Exceptions/Handler->prepareResponse(Object(Illuminate/Http/Request), Object(Symfony/Component/HttpKernel/Exception/HttpException))
#13 C:/xampp/htdocs/CODEPHP/vendor/laravel/framework/src/Illuminate/Foundation/Exceptions/Handler.php(594): Illuminate/Foundation/Exceptions/Handler->renderExceptionResponse(Object(Illuminate/Http/Request), Object(Exception))
#14 C:/xampp/htdocs/CODEPHP/vendor/laravel/framework/src/Illuminate/Foundation/Http/Kernel.php(575): Illuminate/Foundation/Exceptions/Handler->render(Object(Illuminate/Http/Request), Object(Exception))
#15 C:/xampp/htdocs/CODEPHP/vendor/laravel/framework/src/Illuminate/Foundation/Http/Kernel.php(149): Illuminate/Foundation/Http/Kernel->renderException(Object(Illuminate/Http/Request), Object(Exception))
#16 C:/xampp/htdocs/CODEPHP/vendor/laravel/framework/src/Illuminate/Foundation/Application.php(1220): Illuminate/Foundation/Http/Kernel->handle(Object(Illuminate/Http/Request))
#17 C:/xampp/htdocs/CODEPHP/public/index.php(17): Illuminate/Foundation/Application->handleRequest(Object(Illuminate/Http/Request))
#18 {main}

[previous exception] [object] (ReflectionException(code: -1): Class \"view\" does not exist at C:/xampp/htdocs/CODEPHP/vendor/laravel/framework/src/Illuminate/Container/Container.php:959)
[stacktrace]
#0 C:/xampp/htdocs/CODEPHP/vendor/laravel/framework/src/Illuminate/Container/Container.php(959): ReflectionClass->__construct('view')
#1 C:/xampp/htdocs/CODEPHP/vendor/laravel/framework/src/Illuminate/Container/Container.php(832): Illuminate/Container/Container->build('view')
#2 C:/xampp/htdocs/CODEPHP/vendor/laravel/framework/src/Illuminate/Foundation/Application.php(1078): Illuminate/Container/Container->resolve('view', Array, true)
#3 C:/xampp/htdocs/CODEPHP/vendor/laravel/framework/src/Illuminate/Container/Container.php(763): Illuminate/Foundation/Application->resolve('view', Array)
#4 C:/xampp/htdocs/CODEPHP/vendor/laravel/framework/src/Illuminate/Foundation/Application.php(1058): Illuminate/Container/Container->make('view', Array)
#5 C:/xampp/htdocs/CODEPHP/vendor/laravel/framework/src/Illuminate/Container/Container.php(1580): Illuminate/Foundation/Application->make('view')
#6 C:/xampp/htdocs/CODEPHP/vendor/laravel/framework/src/Illuminate/Support/Facades/Facade.php(239): Illuminate/Container/Container->offsetGet('view')
#7 C:/xampp/htdocs/CODEPHP/vendor/laravel/framework/src/Illuminate/Support/Facades/Facade.php(210): Illuminate/Support/Facades/Facade::resolveFacadeInstance('view')
#8 C:/xampp/htdocs/CODEPHP/vendor/laravel/framework/src/Illuminate/Support/Facades/Facade.php(355): Illuminate/Support/Facades/Facade::getFacadeRoot()
#9 C:/xampp/htdocs/CODEPHP/vendor/laravel/framework/src/Illuminate/Foundation/Exceptions/RegisterErrorViewPaths.php(17): Illuminate/Support/Facades/Facade::__callStatic('replaceNamespac...', Array)
#10 C:/xampp/htdocs/CODEPHP/vendor/laravel/framework/src/Illuminate/Foundation/Exceptions/Handler.php(915): Illuminate/Foundation/Exceptions/RegisterErrorViewPaths->__invoke()
#11 C:/xampp/htdocs/CODEPHP/vendor/laravel/framework/src/Illuminate/Foundation/Exceptions/Handler.php(890): Illuminate/Foundation/Exceptions/Handler->registerErrorViewPaths()
#12 C:/xampp/htdocs/CODEPHP/vendor/laravel/framework/src/Illuminate/Foundation/Exceptions/Handler.php(815): Illuminate/Foundation/Exceptions/Handler->renderHttpException(Object(Symfony/Component/HttpKernel/Exception/HttpException))
#13 C:/xampp/htdocs/CODEPHP/vendor/laravel/framework/src/Illuminate/Foundation/Exceptions/Handler.php(706): Illuminate/Foundation/Exceptions/Handler->prepareResponse(Object(Illuminate/Http/Request), Object(Symfony/Component/HttpKernel/Exception/HttpException))
#14 C:/xampp/htdocs/CODEPHP/vendor/laravel/framework/src/Illuminate/Foundation/Exceptions/Handler.php(594): Illuminate/Foundation/Exceptions/Handler->renderExceptionResponse(Object(Illuminate/Http/Request), Object(Exception))
#15 C:/xampp/htdocs/CODEPHP/vendor/laravel/framework/src/Illuminate/Foundation/Http/Kernel.php(575): Illuminate/Foundation/Exceptions/Handler->render(Object(Illuminate/Http/Request), Object(Exception))
#16 C:/xampp/htdocs/CODEPHP/vendor/laravel/framework/src/Illuminate/Foundation/Http/Kernel.php(149): Illuminate/Foundation/Http/Kernel->renderException(Object(Illuminate/Http/Request), Object(Exception))
#17 C:/xampp/htdocs/CODEPHP/vendor/laravel/framework/src/Illuminate/Foundation/Application.php(1220): Illuminate/Foundation/Http/Kernel->handle(Object(Illuminate/Http/Request))
#18 C:/xampp/htdocs/CODEPHP/public/index.php(17): Illuminate/Foundation/Application->handleRequest(Object(Illuminate/Http/Request))
#19 {main}
"} 
[2026-06-03 16:03:49] production.ERROR: Uncaught ReflectionException: Class "view" does not exist in C:\xampp\htdocs\CODEPHP\vendor\laravel\framework\src\Illuminate\Container\Container.php:959
Stack trace:
#0 C:\xampp\htdocs\CODEPHP\vendor\laravel\framework\src\Illuminate\Container\Container.php(959): ReflectionClass->__construct('view')
#1 C:\xampp\htdocs\CODEPHP\vendor\laravel\framework\src\Illuminate\Container\Container.php(832): Illuminate\Container\Container->build('view')
#2 C:\xampp\htdocs\CODEPHP\vendor\laravel\framework\src\Illuminate\Foundation\Application.php(1078): Illuminate\Container\Container->resolve('view', Array, true)
#3 C:\xampp\htdocs\CODEPHP\vendor\laravel\framework\src\Illuminate\Container\Container.php(763): Illuminate\Foundation\Application->resolve('view', Array)
#4 C:\xampp\htdocs\CODEPHP\vendor\laravel\framework\src\Illuminate\Foundation\Application.php(1058): Illuminate\Container\Container->make('view', Array)
#5 C:\xampp\htdocs\CODEPHP\vendor\laravel\framework\src\Illuminate\Container\Container.php(1580): Illuminate\Foundation\Application->make('view')
#6 C:\xampp\htdocs\CODEPHP\vendor\laravel\framework\src\Illuminate\Support\Facades\Facade.php(239): Illuminate\Container\Container->offsetGet('view')
#7 C:\xampp\htdocs\CODEPHP\vendor\laravel\framework\src\Illuminate\Support\Facades\Facade.php(210): Illuminate\Support\Facades\Facade::resolveFacadeInstance('view')
#8 C:\xampp\htdocs\CODEPHP\vendor\laravel\framework\src\Illuminate\Support\Facades\Facade.php(355): Illuminate\Support\Facades\Facade::getFacadeRoot()
#9 C:\xampp\htdocs\CODEPHP\vendor\laravel\framework\src\Illuminate\Foundation\Exceptions\RegisterErrorViewPaths.php(17): Illuminate\Support\Facades\Facade::__callStatic('replaceNamespac...', Array)
#10 C:\xampp\htdocs\CODEPHP\vendor\laravel\framework\src\Illuminate\Foundation\Exceptions\Handler.php(915): Illuminate\Foundation\Exceptions\RegisterErrorViewPaths->__invoke()
#11 C:\xampp\htdocs\CODEPHP\vendor\laravel\framework\src\Illuminate\Foundation\Exceptions\Handler.php(890): Illuminate\Foundation\Exceptions\Handler->registerErrorViewPaths()
#12 C:\xampp\htdocs\CODEPHP\vendor\laravel\framework\src\Illuminate\Foundation\Exceptions\Handler.php(815): Illuminate\Foundation\Exceptions\Handler->renderHttpException(Object(Symfony\Component\HttpKernel\Exception\HttpException))
#13 C:\xampp\htdocs\CODEPHP\vendor\laravel\framework\src\Illuminate\Foundation\Exceptions\Handler.php(706): Illuminate\Foundation\Exceptions\Handler->prepareResponse(Object(Illuminate\Http\Request), Object(Symfony\Component\HttpKernel\Exception\HttpException))
#14 C:\xampp\htdocs\CODEPHP\vendor\laravel\framework\src\Illuminate\Foundation\Exceptions\Handler.php(594): Illuminate\Foundation\Exceptions\Handler->renderExceptionResponse(Object(Illuminate\Http\Request), Object(Illuminate\Contracts\Container\BindingResolutionException))
#15 C:\xampp\htdocs\CODEPHP\vendor\laravel\framework\src\Illuminate\Foundation\Bootstrap\HandleExceptions.php(221): Illuminate\Foundation\Exceptions\Handler->render(Object(Illuminate\Http\Request), Object(Illuminate\Contracts\Container\BindingResolutionException))
#16 C:\xampp\htdocs\CODEPHP\vendor\laravel\framework\src\Illuminate\Foundation\Bootstrap\HandleExceptions.php(198): Illuminate\Foundation\Bootstrap\HandleExceptions->renderHttpResponse(Object(Illuminate\Contracts\Container\BindingResolutionException))
#17 C:\xampp\htdocs\CODEPHP\vendor\laravel\framework\src\Illuminate\Foundation\Bootstrap\HandleExceptions.php(258): Illuminate\Foundation\Bootstrap\HandleExceptions->handleException(Object(Illuminate\Contracts\Container\BindingResolutionException))
#18 [internal function]: Illuminate\Foundation\Bootstrap\HandleExceptions->Illuminate\Foundation\Bootstrap\{closure}(Object(Illuminate\Contracts\Container\BindingResolutionException))
#19 {main}

Next Illuminate\Contracts\Container\BindingResolutionException: Target class [view] does not exist. in C:\xampp\htdocs\CODEPHP\vendor\laravel\framework\src\Illuminate\Container\Container.php:961
Stack trace:
#0 C:\xampp\htdocs\CODEPHP\vendor\laravel\framework\src\Illuminate\Container\Container.php(832): Illuminate\Container\Container->build('view')
#1 C:\xampp\htdocs\CODEPHP\vendor\laravel\framework\src\Illuminate\Foundation\Application.php(1078): Illuminate\Container\Container->resolve('view', Array, true)
#2 C:\xampp\htdocs\CODEPHP\vendor\laravel\framework\src\Illuminate\Container\Container.php(763): Illuminate\Foundation\Application->resolve('view', Array)
#3 C:\xampp\htdocs\CODEPHP\vendor\laravel\framework\src\Illuminate\Foundation\Application.php(1058): Illuminate\Container\Container->make('view', Array)
#4 C:\xampp\htdocs\CODEPHP\vendor\laravel\framework\src\Illuminate\Container\Container.php(1580): Illuminate\Foundation\Application->make('view')
#5 C:\xampp\htdocs\CODEPHP\vendor\laravel\framework\src\Illuminate\Support\Facades\Facade.php(239): Illuminate\Container\Container->offsetGet('view')
#6 C:\xampp\htdocs\CODEPHP\vendor\laravel\framework\src\Illuminate\Support\Facades\Facade.php(210): Illuminate\Support\Facades\Facade::resolveFacadeInstance('view')
#7 C:\xampp\htdocs\CODEPHP\vendor\laravel\framework\src\Illuminate\Support\Facades\Facade.php(355): Illuminate\Support\Facades\Facade::getFacadeRoot()
#8 C:\xampp\htdocs\CODEPHP\vendor\laravel\framework\src\Illuminate\Foundation\Exceptions\RegisterErrorViewPaths.php(17): Illuminate\Support\Facades\Facade::__callStatic('replaceNamespac...', Array)
#9 C:\xampp\htdocs\CODEPHP\vendor\laravel\framework\src\Illuminate\Foundation\Exceptions\Handler.php(915): Illuminate\Foundation\Exceptions\RegisterErrorViewPaths->__invoke()
#10 C:\xampp\htdocs\CODEPHP\vendor\laravel\framework\src\Illuminate\Foundation\Exceptions\Handler.php(890): Illuminate\Foundation\Exceptions\Handler->registerErrorViewPaths()
#11 C:\xampp\htdocs\CODEPHP\vendor\laravel\framework\src\Illuminate\Foundation\Exceptions\Handler.php(815): Illuminate\Foundation\Exceptions\Handler->renderHttpException(Object(Symfony\Component\HttpKernel\Exception\HttpException))
#12 C:\xampp\htdocs\CODEPHP\vendor\laravel\framework\src\Illuminate\Foundation\Exceptions\Handler.php(706): Illuminate\Foundation\Exceptions\Handler->prepareResponse(Object(Illuminate\Http\Request), Object(Symfony\Component\HttpKernel\Exception\HttpException))
#13 C:\xampp\htdocs\CODEPHP\vendor\laravel\framework\src\Illuminate\Foundation\Exceptions\Handler.php(594): Illuminate\Foundation\Exceptions\Handler->renderExceptionResponse(Object(Illuminate\Http\Request), Object(Illuminate\Contracts\Container\BindingResolutionException))
#14 C:\xampp\htdocs\CODEPHP\vendor\laravel\framework\src\Illuminate\Foundation\Bootstrap\HandleExceptions.php(221): Illuminate\Foundation\Exceptions\Handler->render(Object(Illuminate\Http\Request), Object(Illuminate\Contracts\Container\BindingResolutionException))
#15 C:\xampp\htdocs\CODEPHP\vendor\laravel\framework\src\Illuminate\Foundation\Bootstrap\HandleExceptions.php(198): Illuminate\Foundation\Bootstrap\HandleExceptions->renderHttpResponse(Object(Illuminate\Contracts\Container\BindingResolutionException))
#16 C:\xampp\htdocs\CODEPHP\vendor\laravel\framework\src\Illuminate\Foundation\Bootstrap\HandleExceptions.php(258): Illuminate\Foundation\Bootstrap\HandleExceptions->handleException(Object(Illuminate\Contracts\Container\BindingResolutionException))
#17 [internal function]: Illuminate\Foundation\Bootstrap\HandleExceptions->Illuminate\Foundation\Bootstrap\{closure}(Object(Illuminate\Contracts\Container\BindingResolutionException))
#18 {main}
  thrown {"exception":"[object] (Symfony\\Component\\ErrorHandler\\Error\\FatalError(code: 0): Uncaught ReflectionException: Class \"view\" does not exist in C:\\xampp\\htdocs\\CODEPHP\\vendor\\laravel\\framework\\src\\Illuminate\\Container\\Container.php:959
Stack trace:
#0 C:\\xampp\\htdocs\\CODEPHP\\vendor\\laravel\\framework\\src\\Illuminate\\Container\\Container.php(959): ReflectionClass->__construct('view')
#1 C:\\xampp\\htdocs\\CODEPHP\\vendor\\laravel\\framework\\src\\Illuminate\\Container\\Container.php(832): Illuminate\\Container\\Container->build('view')
#2 C:\\xampp\\htdocs\\CODEPHP\\vendor\\laravel\\framework\\src\\Illuminate\\Foundation\\Application.php(1078): Illuminate\\Container\\Container->resolve('view', Array, true)
#3 C:\\xampp\\htdocs\\CODEPHP\\vendor\\laravel\\framework\\src\\Illuminate\\Container\\Container.php(763): Illuminate\\Foundation\\Application->resolve('view', Array)
#4 C:\\xampp\\htdocs\\CODEPHP\\vendor\\laravel\\framework\\src\\Illuminate\\Foundation\\Application.php(1058): Illuminate\\Container\\Container->make('view', Array)
#5 C:\\xampp\\htdocs\\CODEPHP\\vendor\\laravel\\framework\\src\\Illuminate\\Container\\Container.php(1580): Illuminate\\Foundation\\Application->make('view')
#6 C:\\xampp\\htdocs\\CODEPHP\\vendor\\laravel\\framework\\src\\Illuminate\\Support\\Facades\\Facade.php(239): Illuminate\\Container\\Container->offsetGet('view')
#7 C:\\xampp\\htdocs\\CODEPHP\\vendor\\laravel\\framework\\src\\Illuminate\\Support\\Facades\\Facade.php(210): Illuminate\\Support\\Facades\\Facade::resolveFacadeInstance('view')
#8 C:\\xampp\\htdocs\\CODEPHP\\vendor\\laravel\\framework\\src\\Illuminate\\Support\\Facades\\Facade.php(355): Illuminate\\Support\\Facades\\Facade::getFacadeRoot()
#9 C:\\xampp\\htdocs\\CODEPHP\\vendor\\laravel\\framework\\src\\Illuminate\\Foundation\\Exceptions\\RegisterErrorViewPaths.php(17): Illuminate\\Support\\Facades\\Facade::__callStatic('replaceNamespac...', Array)
#10 C:\\xampp\\htdocs\\CODEPHP\\vendor\\laravel\\framework\\src\\Illuminate\\Foundation\\Exceptions\\Handler.php(915): Illuminate\\Foundation\\Exceptions\\RegisterErrorViewPaths->__invoke()
#11 C:\\xampp\\htdocs\\CODEPHP\\vendor\\laravel\\framework\\src\\Illuminate\\Foundation\\Exceptions\\Handler.php(890): Illuminate\\Foundation\\Exceptions\\Handler->registerErrorViewPaths()
#12 C:\\xampp\\htdocs\\CODEPHP\\vendor\\laravel\\framework\\src\\Illuminate\\Foundation\\Exceptions\\Handler.php(815): Illuminate\\Foundation\\Exceptions\\Handler->renderHttpException(Object(Symfony\\Component\\HttpKernel\\Exception\\HttpException))
#13 C:\\xampp\\htdocs\\CODEPHP\\vendor\\laravel\\framework\\src\\Illuminate\\Foundation\\Exceptions\\Handler.php(706): Illuminate\\Foundation\\Exceptions\\Handler->prepareResponse(Object(Illuminate\\Http\\Request), Object(Symfony\\Component\\HttpKernel\\Exception\\HttpException))
#14 C:\\xampp\\htdocs\\CODEPHP\\vendor\\laravel\\framework\\src\\Illuminate\\Foundation\\Exceptions\\Handler.php(594): Illuminate\\Foundation\\Exceptions\\Handler->renderExceptionResponse(Object(Illuminate\\Http\\Request), Object(Illuminate\\Contracts\\Container\\BindingResolutionException))
#15 C:\\xampp\\htdocs\\CODEPHP\\vendor\\laravel\\framework\\src\\Illuminate\\Foundation\\Bootstrap\\HandleExceptions.php(221): Illuminate\\Foundation\\Exceptions\\Handler->render(Object(Illuminate\\Http\\Request), Object(Illuminate\\Contracts\\Container\\BindingResolutionException))
#16 C:\\xampp\\htdocs\\CODEPHP\\vendor\\laravel\\framework\\src\\Illuminate\\Foundation\\Bootstrap\\HandleExceptions.php(198): Illuminate\\Foundation\\Bootstrap\\HandleExceptions->renderHttpResponse(Object(Illuminate\\Contracts\\Container\\BindingResolutionException))
#17 C:\\xampp\\htdocs\\CODEPHP\\vendor\\laravel\\framework\\src\\Illuminate\\Foundation\\Bootstrap\\HandleExceptions.php(258): Illuminate\\Foundation\\Bootstrap\\HandleExceptions->handleException(Object(Illuminate\\Contracts\\Container\\BindingResolutionException))
#18 [internal function]: Illuminate\\Foundation\\Bootstrap\\HandleExceptions->Illuminate\\Foundation\\Bootstrap\\{closure}(Object(Illuminate\\Contracts\\Container\\BindingResolutionException))
#19 {main}

Next Illuminate\\Contracts\\Container\\BindingResolutionException: Target class [view] does not exist. in C:\\xampp\\htdocs\\CODEPHP\\vendor\\laravel\\framework\\src\\Illuminate\\Container\\Container.php:961
Stack trace:
#0 C:\\xampp\\htdocs\\CODEPHP\\vendor\\laravel\\framework\\src\\Illuminate\\Container\\Container.php(832): Illuminate\\Container\\Container->build('view')
#1 C:\\xampp\\htdocs\\CODEPHP\\vendor\\laravel\\framework\\src\\Illuminate\\Foundation\\Application.php(1078): Illuminate\\Container\\Container->resolve('view', Array, true)
#2 C:\\xampp\\htdocs\\CODEPHP\\vendor\\laravel\\framework\\src\\Illuminate\\Container\\Container.php(763): Illuminate\\Foundation\\Application->resolve('view', Array)
#3 C:\\xampp\\htdocs\\CODEPHP\\vendor\\laravel\\framework\\src\\Illuminate\\Foundation\\Application.php(1058): Illuminate\\Container\\Container->make('view', Array)
#4 C:\\xampp\\htdocs\\CODEPHP\\vendor\\laravel\\framework\\src\\Illuminate\\Container\\Container.php(1580): Illuminate\\Foundation\\Application->make('view')
#5 C:\\xampp\\htdocs\\CODEPHP\\vendor\\laravel\\framework\\src\\Illuminate\\Support\\Facades\\Facade.php(239): Illuminate\\Container\\Container->offsetGet('view')
#6 C:\\xampp\\htdocs\\CODEPHP\\vendor\\laravel\\framework\\src\\Illuminate\\Support\\Facades\\Facade.php(210): Illuminate\\Support\\Facades\\Facade::resolveFacadeInstance('view')
#7 C:\\xampp\\htdocs\\CODEPHP\\vendor\\laravel\\framework\\src\\Illuminate\\Support\\Facades\\Facade.php(355): Illuminate\\Support\\Facades\\Facade::getFacadeRoot()
#8 C:\\xampp\\htdocs\\CODEPHP\\vendor\\laravel\\framework\\src\\Illuminate\\Foundation\\Exceptions\\RegisterErrorViewPaths.php(17): Illuminate\\Support\\Facades\\Facade::__callStatic('replaceNamespac...', Array)
#9 C:\\xampp\\htdocs\\CODEPHP\\vendor\\laravel\\framework\\src\\Illuminate\\Foundation\\Exceptions\\Handler.php(915): Illuminate\\Foundation\\Exceptions\\RegisterErrorViewPaths->__invoke()
#10 C:\\xampp\\htdocs\\CODEPHP\\vendor\\laravel\\framework\\src\\Illuminate\\Foundation\\Exceptions\\Handler.php(890): Illuminate\\Foundation\\Exceptions\\Handler->registerErrorViewPaths()
#11 C:\\xampp\\htdocs\\CODEPHP\\vendor\\laravel\\framework\\src\\Illuminate\\Foundation\\Exceptions\\Handler.php(815): Illuminate\\Foundation\\Exceptions\\Handler->renderHttpException(Object(Symfony\\Component\\HttpKernel\\Exception\\HttpException))
#12 C:\\xampp\\htdocs\\CODEPHP\\vendor\\laravel\\framework\\src\\Illuminate\\Foundation\\Exceptions\\Handler.php(706): Illuminate\\Foundation\\Exceptions\\Handler->prepareResponse(Object(Illuminate\\Http\\Request), Object(Symfony\\Component\\HttpKernel\\Exception\\HttpException))
#13 C:\\xampp\\htdocs\\CODEPHP\\vendor\\laravel\\framework\\src\\Illuminate\\Foundation\\Exceptions\\Handler.php(594): Illuminate\\Foundation\\Exceptions\\Handler->renderExceptionResponse(Object(Illuminate\\Http\\Request), Object(Illuminate\\Contracts\\Container\\BindingResolutionException))
#14 C:\\xampp\\htdocs\\CODEPHP\\vendor\\laravel\\framework\\src\\Illuminate\\Foundation\\Bootstrap\\HandleExceptions.php(221): Illuminate\\Foundation\\Exceptions\\Handler->render(Object(Illuminate\\Http\\Request), Object(Illuminate\\Contracts\\Container\\BindingResolutionException))
#15 C:\\xampp\\htdocs\\CODEPHP\\vendor\\laravel\\framework\\src\\Illuminate\\Foundation\\Bootstrap\\HandleExceptions.php(198): Illuminate\\Foundation\\Bootstrap\\HandleExceptions->renderHttpResponse(Object(Illuminate\\Contracts\\Container\\BindingResolutionException))
#16 C:\\xampp\\htdocs\\CODEPHP\\vendor\\laravel\\framework\\src\\Illuminate\\Foundation\\Bootstrap\\HandleExceptions.php(258): Illuminate\\Foundation\\Bootstrap\\HandleExceptions->handleException(Object(Illuminate\\Contracts\\Container\\BindingResolutionException))
#17 [internal function]: Illuminate\\Foundation\\Bootstrap\\HandleExceptions->Illuminate\\Foundation\\Bootstrap\\{closure}(Object(Illuminate\\Contracts\\Container\\BindingResolutionException))
#18 {main}
  thrown at C:/xampp/htdocs/CODEPHP/vendor/laravel/framework/src/Illuminate/Container/Container.php:961)
[stacktrace]
#0 {main}
"} 
[2026-06-03 16:03:50] production.ERROR: The C:\xampp\htdocs\CODEPHP\bootstrap\cache directory must be present and writable. {"exception":"[object] (Exception(code: 0): The C:\\xampp\\htdocs\\CODEPHP\\bootstrap\\cache directory must be present and writable. at C:/xampp/htdocs/CODEPHP/vendor/laravel/framework/src/Illuminate/Foundation/PackageManifest.php:179)
[stacktrace]
#0 C:/xampp/htdocs/CODEPHP/vendor/laravel/framework/src/Illuminate/Foundation/PackageManifest.php(132): Illuminate/Foundation/PackageManifest->write(Array)
#1 C:/xampp/htdocs/CODEPHP/vendor/laravel/framework/src/Illuminate/Foundation/PackageManifest.php(108): Illuminate/Foundation/PackageManifest->build()
#2 C:/xampp/htdocs/CODEPHP/vendor/laravel/framework/src/Illuminate/Foundation/PackageManifest.php(91): Illuminate/Foundation/PackageManifest->getManifest()
#3 C:/xampp/htdocs/CODEPHP/vendor/laravel/framework/src/Illuminate/Foundation/PackageManifest.php(80): Illuminate/Foundation/PackageManifest->config('aliases')
#4 C:/xampp/htdocs/CODEPHP/vendor/laravel/framework/src/Illuminate/Foundation/Bootstrap/RegisterFacades.php(26): Illuminate/Foundation/PackageManifest->aliases()
#5 C:/xampp/htdocs/CODEPHP/vendor/laravel/framework/src/Illuminate/Foundation/Application.php(342): Illuminate/Foundation/Bootstrap/RegisterFacades->bootstrap(Object(Illuminate/Foundation/Application))
#6 C:/xampp/htdocs/CODEPHP/vendor/laravel/framework/src/Illuminate/Foundation/Http/Kernel.php(187): Illuminate/Foundation/Application->bootstrapWith(Array)
#7 C:/xampp/htdocs/CODEPHP/vendor/laravel/framework/src/Illuminate/Foundation/Http/Kernel.php(171): Illuminate/Foundation/Http/Kernel->bootstrap()
#8 C:/xampp/htdocs/CODEPHP/vendor/laravel/framework/src/Illuminate/Foundation/Http/Kernel.php(145): Illuminate/Foundation/Http/Kernel->sendRequestThroughRouter(Object(Illuminate/Http/Request))
#9 C:/xampp/htdocs/CODEPHP/vendor/laravel/framework/src/Illuminate/Foundation/Application.php(1220): Illuminate/Foundation/Http/Kernel->handle(Object(Illuminate/Http/Request))
#10 C:/xampp/htdocs/CODEPHP/public/index.php(17): Illuminate/Foundation/Application->handleRequest(Object(Illuminate/Http/Request))
#11 {main}
"} 
[2026-06-03 16:03:50] production.ERROR: Target class [view] does not exist. {"exception":"[object] (Illuminate\\Contracts\\Container\\BindingResolutionException(code: 0): Target class [view] does not exist. at C:/xampp/htdocs/CODEPHP/vendor/laravel/framework/src/Illuminate/Container/Container.php:961)
[stacktrace]
#0 C:/xampp/htdocs/CODEPHP/vendor/laravel/framework/src/Illuminate/Container/Container.php(832): Illuminate/Container/Container->build('view')
#1 C:/xampp/htdocs/CODEPHP/vendor/laravel/framework/src/Illuminate/Foundation/Application.php(1078): Illuminate/Container/Container->resolve('view', Array, true)
#2 C:/xampp/htdocs/CODEPHP/vendor/laravel/framework/src/Illuminate/Container/Container.php(763): Illuminate/Foundation/Application->resolve('view', Array)
#3 C:/xampp/htdocs/CODEPHP/vendor/laravel/framework/src/Illuminate/Foundation/Application.php(1058): Illuminate/Container/Container->make('view', Array)
#4 C:/xampp/htdocs/CODEPHP/vendor/laravel/framework/src/Illuminate/Container/Container.php(1580): Illuminate/Foundation/Application->make('view')
#5 C:/xampp/htdocs/CODEPHP/vendor/laravel/framework/src/Illuminate/Support/Facades/Facade.php(239): Illuminate/Container/Container->offsetGet('view')
#6 C:/xampp/htdocs/CODEPHP/vendor/laravel/framework/src/Illuminate/Support/Facades/Facade.php(210): Illuminate/Support/Facades/Facade::resolveFacadeInstance('view')
#7 C:/xampp/htdocs/CODEPHP/vendor/laravel/framework/src/Illuminate/Support/Facades/Facade.php(355): Illuminate/Support/Facades/Facade::getFacadeRoot()
#8 C:/xampp/htdocs/CODEPHP/vendor/laravel/framework/src/Illuminate/Foundation/Exceptions/RegisterErrorViewPaths.php(17): Illuminate/Support/Facades/Facade::__callStatic('replaceNamespac...', Array)
#9 C:/xampp/htdocs/CODEPHP/vendor/laravel/framework/src/Illuminate/Foundation/Exceptions/Handler.php(915): Illuminate/Foundation/Exceptions/RegisterErrorViewPaths->__invoke()
#10 C:/xampp/htdocs/CODEPHP/vendor/laravel/framework/src/Illuminate/Foundation/Exceptions/Handler.php(890): Illuminate/Foundation/Exceptions/Handler->registerErrorViewPaths()
#11 C:/xampp/htdocs/CODEPHP/vendor/laravel/framework/src/Illuminate/Foundation/Exceptions/Handler.php(815): Illuminate/Foundation/Exceptions/Handler->renderHttpException(Object(Symfony/Component/HttpKernel/Exception/HttpException))
#12 C:/xampp/htdocs/CODEPHP/vendor/laravel/framework/src/Illuminate/Foundation/Exceptions/Handler.php(706): Illuminate/Foundation/Exceptions/Handler->prepareResponse(Object(Illuminate/Http/Request), Object(Symfony/Component/HttpKernel/Exception/HttpException))
#13 C:/xampp/htdocs/CODEPHP/vendor/laravel/framework/src/Illuminate/Foundation/Exceptions/Handler.php(594): Illuminate/Foundation/Exceptions/Handler->renderExceptionResponse(Object(Illuminate/Http/Request), Object(Exception))
#14 C:/xampp/htdocs/CODEPHP/vendor/laravel/framework/src/Illuminate/Foundation/Http/Kernel.php(575): Illuminate/Foundation/Exceptions/Handler->render(Object(Illuminate/Http/Request), Object(Exception))
#15 C:/xampp/htdocs/CODEPHP/vendor/laravel/framework/src/Illuminate/Foundation/Http/Kernel.php(149): Illuminate/Foundation/Http/Kernel->renderException(Object(Illuminate/Http/Request), Object(Exception))
#16 C:/xampp/htdocs/CODEPHP/vendor/laravel/framework/src/Illuminate/Foundation/Application.php(1220): Illuminate/Foundation/Http/Kernel->handle(Object(Illuminate/Http/Request))
#17 C:/xampp/htdocs/CODEPHP/public/index.php(17): Illuminate/Foundation/Application->handleRequest(Object(Illuminate/Http/Request))
#18 {main}

[previous exception] [object] (ReflectionException(code: -1): Class \"view\" does not exist at C:/xampp/htdocs/CODEPHP/vendor/laravel/framework/src/Illuminate/Container/Container.php:959)
[stacktrace]
#0 C:/xampp/htdocs/CODEPHP/vendor/laravel/framework/src/Illuminate/Container/Container.php(959): ReflectionClass->__construct('view')
#1 C:/xampp/htdocs/CODEPHP/vendor/laravel/framework/src/Illuminate/Container/Container.php(832): Illuminate/Container/Container->build('view')
#2 C:/xampp/htdocs/CODEPHP/vendor/laravel/framework/src/Illuminate/Foundation/Application.php(1078): Illuminate/Container/Container->resolve('view', Array, true)
#3 C:/xampp/htdocs/CODEPHP/vendor/laravel/framework/src/Illuminate/Container/Container.php(763): Illuminate/Foundation/Application->resolve('view', Array)
#4 C:/xampp/htdocs/CODEPHP/vendor/laravel/framework/src/Illuminate/Foundation/Application.php(1058): Illuminate/Container/Container->make('view', Array)
#5 C:/xampp/htdocs/CODEPHP/vendor/laravel/framework/src/Illuminate/Container/Container.php(1580): Illuminate/Foundation/Application->make('view')
#6 C:/xampp/htdocs/CODEPHP/vendor/laravel/framework/src/Illuminate/Support/Facades/Facade.php(239): Illuminate/Container/Container->offsetGet('view')
#7 C:/xampp/htdocs/CODEPHP/vendor/laravel/framework/src/Illuminate/Support/Facades/Facade.php(210): Illuminate/Support/Facades/Facade::resolveFacadeInstance('view')
#8 C:/xampp/htdocs/CODEPHP/vendor/laravel/framework/src/Illuminate/Support/Facades/Facade.php(355): Illuminate/Support/Facades/Facade::getFacadeRoot()
#9 C:/xampp/htdocs/CODEPHP/vendor/laravel/framework/src/Illuminate/Foundation/Exceptions/RegisterErrorViewPaths.php(17): Illuminate/Support/Facades/Facade::__callStatic('replaceNamespac...', Array)
#10 C:/xampp/htdocs/CODEPHP/vendor/laravel/framework/src/Illuminate/Foundation/Exceptions/Handler.php(915): Illuminate/Foundation/Exceptions/RegisterErrorViewPaths->__invoke()
#11 C:/xampp/htdocs/CODEPHP/vendor/laravel/framework/src/Illuminate/Foundation/Exceptions/Handler.php(890): Illuminate/Foundation/Exceptions/Handler->registerErrorViewPaths()
#12 C:/xampp/htdocs/CODEPHP/vendor/laravel/framework/src/Illuminate/Foundation/Exceptions/Handler.php(815): Illuminate/Foundation/Exceptions/Handler->renderHttpException(Object(Symfony/Component/HttpKernel/Exception/HttpException))
#13 C:/xampp/htdocs/CODEPHP/vendor/laravel/framework/src/Illuminate/Foundation/Exceptions/Handler.php(706): Illuminate/Foundation/Exceptions/Handler->prepareResponse(Object(Illuminate/Http/Request), Object(Symfony/Component/HttpKernel/Exception/HttpException))
#14 C:/xampp/htdocs/CODEPHP/vendor/laravel/framework/src/Illuminate/Foundation/Exceptions/Handler.php(594): Illuminate/Foundation/Exceptions/Handler->renderExceptionResponse(Object(Illuminate/Http/Request), Object(Exception))
#15 C:/xampp/htdocs/CODEPHP/vendor/laravel/framework/src/Illuminate/Foundation/Http/Kernel.php(575): Illuminate/Foundation/Exceptions/Handler->render(Object(Illuminate/Http/Request), Object(Exception))
#16 C:/xampp/htdocs/CODEPHP/vendor/laravel/framework/src/Illuminate/Foundation/Http/Kernel.php(149): Illuminate/Foundation/Http/Kernel->renderException(Object(Illuminate/Http/Request), Object(Exception))
#17 C:/xampp/htdocs/CODEPHP/vendor/laravel/framework/src/Illuminate/Foundation/Application.php(1220): Illuminate/Foundation/Http/Kernel->handle(Object(Illuminate/Http/Request))
#18 C:/xampp/htdocs/CODEPHP/public/index.php(17): Illuminate/Foundation/Application->handleRequest(Object(Illuminate/Http/Request))
#19 {main}
"} 
[2026-06-03 16:03:50] production.ERROR: Uncaught ReflectionException: Class "view" does not exist in C:\xampp\htdocs\CODEPHP\vendor\laravel\framework\src\Illuminate\Container\Container.php:959
Stack trace:
#0 C:\xampp\htdocs\CODEPHP\vendor\laravel\framework\src\Illuminate\Container\Container.php(959): ReflectionClass->__construct('view')
#1 C:\xampp\htdocs\CODEPHP\vendor\laravel\framework\src\Illuminate\Container\Container.php(832): Illuminate\Container\Container->build('view')
#2 C:\xampp\htdocs\CODEPHP\vendor\laravel\framework\src\Illuminate\Foundation\Application.php(1078): Illuminate\Container\Container->resolve('view', Array, true)
#3 C:\xampp\htdocs\CODEPHP\vendor\laravel\framework\src\Illuminate\Container\Container.php(763): Illuminate\Foundation\Application->resolve('view', Array)
#4 C:\xampp\htdocs\CODEPHP\vendor\laravel\framework\src\Illuminate\Foundation\Application.php(1058): Illuminate\Container\Container->make('view', Array)
#5 C:\xampp\htdocs\CODEPHP\vendor\laravel\framework\src\Illuminate\Container\Container.php(1580): Illuminate\Foundation\Application->make('view')
#6 C:\xampp\htdocs\CODEPHP\vendor\laravel\framework\src\Illuminate\Support\Facades\Facade.php(239): Illuminate\Container\Container->offsetGet('view')
#7 C:\xampp\htdocs\CODEPHP\vendor\laravel\framework\src\Illuminate\Support\Facades\Facade.php(210): Illuminate\Support\Facades\Facade::resolveFacadeInstance('view')
#8 C:\xampp\htdocs\CODEPHP\vendor\laravel\framework\src\Illuminate\Support\Facades\Facade.php(355): Illuminate\Support\Facades\Facade::getFacadeRoot()
#9 C:\xampp\htdocs\CODEPHP\vendor\laravel\framework\src\Illuminate\Foundation\Exceptions\RegisterErrorViewPaths.php(17): Illuminate\Support\Facades\Facade::__callStatic('replaceNamespac...', Array)
#10 C:\xampp\htdocs\CODEPHP\vendor\laravel\framework\src\Illuminate\Foundation\Exceptions\Handler.php(915): Illuminate\Foundation\Exceptions\RegisterErrorViewPaths->__invoke()
#11 C:\xampp\htdocs\CODEPHP\vendor\laravel\framework\src\Illuminate\Foundation\Exceptions\Handler.php(890): Illuminate\Foundation\Exceptions\Handler->registerErrorViewPaths()
#12 C:\xampp\htdocs\CODEPHP\vendor\laravel\framework\src\Illuminate\Foundation\Exceptions\Handler.php(815): Illuminate\Foundation\Exceptions\Handler->renderHttpException(Object(Symfony\Component\HttpKernel\Exception\HttpException))
#13 C:\xampp\htdocs\CODEPHP\vendor\laravel\framework\src\Illuminate\Foundation\Exceptions\Handler.php(706): Illuminate\Foundation\Exceptions\Handler->prepareResponse(Object(Illuminate\Http\Request), Object(Symfony\Component\HttpKernel\Exception\HttpException))
#14 C:\xampp\htdocs\CODEPHP\vendor\laravel\framework\src\Illuminate\Foundation\Exceptions\Handler.php(594): Illuminate\Foundation\Exceptions\Handler->renderExceptionResponse(Object(Illuminate\Http\Request), Object(Illuminate\Contracts\Container\BindingResolutionException))
#15 C:\xampp\htdocs\CODEPHP\vendor\laravel\framework\src\Illuminate\Foundation\Bootstrap\HandleExceptions.php(221): Illuminate\Foundation\Exceptions\Handler->render(Object(Illuminate\Http\Request), Object(Illuminate\Contracts\Container\BindingResolutionException))
#16 C:\xampp\htdocs\CODEPHP\vendor\laravel\framework\src\Illuminate\Foundation\Bootstrap\HandleExceptions.php(198): Illuminate\Foundation\Bootstrap\HandleExceptions->renderHttpResponse(Object(Illuminate\Contracts\Container\BindingResolutionException))
#17 C:\xampp\htdocs\CODEPHP\vendor\laravel\framework\src\Illuminate\Foundation\Bootstrap\HandleExceptions.php(258): Illuminate\Foundation\Bootstrap\HandleExceptions->handleException(Object(Illuminate\Contracts\Container\BindingResolutionException))
#18 [internal function]: Illuminate\Foundation\Bootstrap\HandleExceptions->Illuminate\Foundation\Bootstrap\{closure}(Object(Illuminate\Contracts\Container\BindingResolutionException))
#19 {main}

Next Illuminate\Contracts\Container\BindingResolutionException: Target class [view] does not exist. in C:\xampp\htdocs\CODEPHP\vendor\laravel\framework\src\Illuminate\Container\Container.php:961
Stack trace:
#0 C:\xampp\htdocs\CODEPHP\vendor\laravel\framework\src\Illuminate\Container\Container.php(832): Illuminate\Container\Container->build('view')
#1 C:\xampp\htdocs\CODEPHP\vendor\laravel\framework\src\Illuminate\Foundation\Application.php(1078): Illuminate\Container\Container->resolve('view', Array, true)
#2 C:\xampp\htdocs\CODEPHP\vendor\laravel\framework\src\Illuminate\Container\Container.php(763): Illuminate\Foundation\Application->resolve('view', Array)
#3 C:\xampp\htdocs\CODEPHP\vendor\laravel\framework\src\Illuminate\Foundation\Application.php(1058): Illuminate\Container\Container->make('view', Array)
#4 C:\xampp\htdocs\CODEPHP\vendor\laravel\framework\src\Illuminate\Container\Container.php(1580): Illuminate\Foundation\Application->make('view')
#5 C:\xampp\htdocs\CODEPHP\vendor\laravel\framework\src\Illuminate\Support\Facades\Facade.php(239): Illuminate\Container\Container->offsetGet('view')
#6 C:\xampp\htdocs\CODEPHP\vendor\laravel\framework\src\Illuminate\Support\Facades\Facade.php(210): Illuminate\Support\Facades\Facade::resolveFacadeInstance('view')
#7 C:\xampp\htdocs\CODEPHP\vendor\laravel\framework\src\Illuminate\Support\Facades\Facade.php(355): Illuminate\Support\Facades\Facade::getFacadeRoot()
#8 C:\xampp\htdocs\CODEPHP\vendor\laravel\framework\src\Illuminate\Foundation\Exceptions\RegisterErrorViewPaths.php(17): Illuminate\Support\Facades\Facade::__callStatic('replaceNamespac...', Array)
#9 C:\xampp\htdocs\CODEPHP\vendor\laravel\framework\src\Illuminate\Foundation\Exceptions\Handler.php(915): Illuminate\Foundation\Exceptions\RegisterErrorViewPaths->__invoke()
#10 C:\xampp\htdocs\CODEPHP\vendor\laravel\framework\src\Illuminate\Foundation\Exceptions\Handler.php(890): Illuminate\Foundation\Exceptions\Handler->registerErrorViewPaths()
#11 C:\xampp\htdocs\CODEPHP\vendor\laravel\framework\src\Illuminate\Foundation\Exceptions\Handler.php(815): Illuminate\Foundation\Exceptions\Handler->renderHttpException(Object(Symfony\Component\HttpKernel\Exception\HttpException))
#12 C:\xampp\htdocs\CODEPHP\vendor\laravel\framework\src\Illuminate\Foundation\Exceptions\Handler.php(706): Illuminate\Foundation\Exceptions\Handler->prepareResponse(Object(Illuminate\Http\Request), Object(Symfony\Component\HttpKernel\Exception\HttpException))
#13 C:\xampp\htdocs\CODEPHP\vendor\laravel\framework\src\Illuminate\Foundation\Exceptions\Handler.php(594): Illuminate\Foundation\Exceptions\Handler->renderExceptionResponse(Object(Illuminate\Http\Request), Object(Illuminate\Contracts\Container\BindingResolutionException))
#14 C:\xampp\htdocs\CODEPHP\vendor\laravel\framework\src\Illuminate\Foundation\Bootstrap\HandleExceptions.php(221): Illuminate\Foundation\Exceptions\Handler->render(Object(Illuminate\Http\Request), Object(Illuminate\Contracts\Container\BindingResolutionException))
#15 C:\xampp\htdocs\CODEPHP\vendor\laravel\framework\src\Illuminate\Foundation\Bootstrap\HandleExceptions.php(198): Illuminate\Foundation\Bootstrap\HandleExceptions->renderHttpResponse(Object(Illuminate\Contracts\Container\BindingResolutionException))
#16 C:\xampp\htdocs\CODEPHP\vendor\laravel\framework\src\Illuminate\Foundation\Bootstrap\HandleExceptions.php(258): Illuminate\Foundation\Bootstrap\HandleExceptions->handleException(Object(Illuminate\Contracts\Container\BindingResolutionException))
#17 [internal function]: Illuminate\Foundation\Bootstrap\HandleExceptions->Illuminate\Foundation\Bootstrap\{closure}(Object(Illuminate\Contracts\Container\BindingResolutionException))
#18 {main}
  thrown {"exception":"[object] (Symfony\\Component\\ErrorHandler\\Error\\FatalError(code: 0): Uncaught ReflectionException: Class \"view\" does not exist in C:\\xampp\\htdocs\\CODEPHP\\vendor\\laravel\\framework\\src\\Illuminate\\Container\\Container.php:959
Stack trace:
#0 C:\\xampp\\htdocs\\CODEPHP\\vendor\\laravel\\framework\\src\\Illuminate\\Container\\Container.php(959): ReflectionClass->__construct('view')
#1 C:\\xampp\\htdocs\\CODEPHP\\vendor\\laravel\\framework\\src\\Illuminate\\Container\\Container.php(832): Illuminate\\Container\\Container->build('view')
#2 C:\\xampp\\htdocs\\CODEPHP\\vendor\\laravel\\framework\\src\\Illuminate\\Foundation\\Application.php(1078): Illuminate\\Container\\Container->resolve('view', Array, true)
#3 C:\\xampp\\htdocs\\CODEPHP\\vendor\\laravel\\framework\\src\\Illuminate\\Container\\Container.php(763): Illuminate\\Foundation\\Application->resolve('view', Array)
#4 C:\\xampp\\htdocs\\CODEPHP\\vendor\\laravel\\framework\\src\\Illuminate\\Foundation\\Application.php(1058): Illuminate\\Container\\Container->make('view', Array)
#5 C:\\xampp\\htdocs\\CODEPHP\\vendor\\laravel\\framework\\src\\Illuminate\\Container\\Container.php(1580): Illuminate\\Foundation\\Application->make('view')
#6 C:\\xampp\\htdocs\\CODEPHP\\vendor\\laravel\\framework\\src\\Illuminate\\Support\\Facades\\Facade.php(239): Illuminate\\Container\\Container->offsetGet('view')
#7 C:\\xampp\\htdocs\\CODEPHP\\vendor\\laravel\\framework\\src\\Illuminate\\Support\\Facades\\Facade.php(210): Illuminate\\Support\\Facades\\Facade::resolveFacadeInstance('view')
#8 C:\\xampp\\htdocs\\CODEPHP\\vendor\\laravel\\framework\\src\\Illuminate\\Support\\Facades\\Facade.php(355): Illuminate\\Support\\Facades\\Facade::getFacadeRoot()
#9 C:\\xampp\\htdocs\\CODEPHP\\vendor\\laravel\\framework\\src\\Illuminate\\Foundation\\Exceptions\\RegisterErrorViewPaths.php(17): Illuminate\\Support\\Facades\\Facade::__callStatic('replaceNamespac...', Array)
#10 C:\\xampp\\htdocs\\CODEPHP\\vendor\\laravel\\framework\\src\\Illuminate\\Foundation\\Exceptions\\Handler.php(915): Illuminate\\Foundation\\Exceptions\\RegisterErrorViewPaths->__invoke()
#11 C:\\xampp\\htdocs\\CODEPHP\\vendor\\laravel\\framework\\src\\Illuminate\\Foundation\\Exceptions\\Handler.php(890): Illuminate\\Foundation\\Exceptions\\Handler->registerErrorViewPaths()
#12 C:\\xampp\\htdocs\\CODEPHP\\vendor\\laravel\\framework\\src\\Illuminate\\Foundation\\Exceptions\\Handler.php(815): Illuminate\\Foundation\\Exceptions\\Handler->renderHttpException(Object(Symfony\\Component\\HttpKernel\\Exception\\HttpException))
#13 C:\\xampp\\htdocs\\CODEPHP\\vendor\\laravel\\framework\\src\\Illuminate\\Foundation\\Exceptions\\Handler.php(706): Illuminate\\Foundation\\Exceptions\\Handler->prepareResponse(Object(Illuminate\\Http\\Request), Object(Symfony\\Component\\HttpKernel\\Exception\\HttpException))
#14 C:\\xampp\\htdocs\\CODEPHP\\vendor\\laravel\\framework\\src\\Illuminate\\Foundation\\Exceptions\\Handler.php(594): Illuminate\\Foundation\\Exceptions\\Handler->renderExceptionResponse(Object(Illuminate\\Http\\Request), Object(Illuminate\\Contracts\\Container\\BindingResolutionException))
#15 C:\\xampp\\htdocs\\CODEPHP\\vendor\\laravel\\framework\\src\\Illuminate\\Foundation\\Bootstrap\\HandleExceptions.php(221): Illuminate\\Foundation\\Exceptions\\Handler->render(Object(Illuminate\\Http\\Request), Object(Illuminate\\Contracts\\Container\\BindingResolutionException))
#16 C:\\xampp\\htdocs\\CODEPHP\\vendor\\laravel\\framework\\src\\Illuminate\\Foundation\\Bootstrap\\HandleExceptions.php(198): Illuminate\\Foundation\\Bootstrap\\HandleExceptions->renderHttpResponse(Object(Illuminate\\Contracts\\Container\\BindingResolutionException))
#17 C:\\xampp\\htdocs\\CODEPHP\\vendor\\laravel\\framework\\src\\Illuminate\\Foundation\\Bootstrap\\HandleExceptions.php(258): Illuminate\\Foundation\\Bootstrap\\HandleExceptions->handleException(Object(Illuminate\\Contracts\\Container\\BindingResolutionException))
#18 [internal function]: Illuminate\\Foundation\\Bootstrap\\HandleExceptions->Illuminate\\Foundation\\Bootstrap\\{closure}(Object(Illuminate\\Contracts\\Container\\BindingResolutionException))
#19 {main}

Next Illuminate\\Contracts\\Container\\BindingResolutionException: Target class [view] does not exist. in C:\\xampp\\htdocs\\CODEPHP\\vendor\\laravel\\framework\\src\\Illuminate\\Container\\Container.php:961
Stack trace:
#0 C:\\xampp\\htdocs\\CODEPHP\\vendor\\laravel\\framework\\src\\Illuminate\\Container\\Container.php(832): Illuminate\\Container\\Container->build('view')
#1 C:\\xampp\\htdocs\\CODEPHP\\vendor\\laravel\\framework\\src\\Illuminate\\Foundation\\Application.php(1078): Illuminate\\Container\\Container->resolve('view', Array, true)
#2 C:\\xampp\\htdocs\\CODEPHP\\vendor\\laravel\\framework\\src\\Illuminate\\Container\\Container.php(763): Illuminate\\Foundation\\Application->resolve('view', Array)
#3 C:\\xampp\\htdocs\\CODEPHP\\vendor\\laravel\\framework\\src\\Illuminate\\Foundation\\Application.php(1058): Illuminate\\Container\\Container->make('view', Array)
#4 C:\\xampp\\htdocs\\CODEPHP\\vendor\\laravel\\framework\\src\\Illuminate\\Container\\Container.php(1580): Illuminate\\Foundation\\Application->make('view')
#5 C:\\xampp\\htdocs\\CODEPHP\\vendor\\laravel\\framework\\src\\Illuminate\\Support\\Facades\\Facade.php(239): Illuminate\\Container\\Container->offsetGet('view')
#6 C:\\xampp\\htdocs\\CODEPHP\\vendor\\laravel\\framework\\src\\Illuminate\\Support\\Facades\\Facade.php(210): Illuminate\\Support\\Facades\\Facade::resolveFacadeInstance('view')
#7 C:\\xampp\\htdocs\\CODEPHP\\vendor\\laravel\\framework\\src\\Illuminate\\Support\\Facades\\Facade.php(355): Illuminate\\Support\\Facades\\Facade::getFacadeRoot()
#8 C:\\xampp\\htdocs\\CODEPHP\\vendor\\laravel\\framework\\src\\Illuminate\\Foundation\\Exceptions\\RegisterErrorViewPaths.php(17): Illuminate\\Support\\Facades\\Facade::__callStatic('replaceNamespac...', Array)
#9 C:\\xampp\\htdocs\\CODEPHP\\vendor\\laravel\\framework\\src\\Illuminate\\Foundation\\Exceptions\\Handler.php(915): Illuminate\\Foundation\\Exceptions\\RegisterErrorViewPaths->__invoke()
#10 C:\\xampp\\htdocs\\CODEPHP\\vendor\\laravel\\framework\\src\\Illuminate\\Foundation\\Exceptions\\Handler.php(890): Illuminate\\Foundation\\Exceptions\\Handler->registerErrorViewPaths()
#11 C:\\xampp\\htdocs\\CODEPHP\\vendor\\laravel\\framework\\src\\Illuminate\\Foundation\\Exceptions\\Handler.php(815): Illuminate\\Foundation\\Exceptions\\Handler->renderHttpException(Object(Symfony\\Component\\HttpKernel\\Exception\\HttpException))
#12 C:\\xampp\\htdocs\\CODEPHP\\vendor\\laravel\\framework\\src\\Illuminate\\Foundation\\Exceptions\\Handler.php(706): Illuminate\\Foundation\\Exceptions\\Handler->prepareResponse(Object(Illuminate\\Http\\Request), Object(Symfony\\Component\\HttpKernel\\Exception\\HttpException))
#13 C:\\xampp\\htdocs\\CODEPHP\\vendor\\laravel\\framework\\src\\Illuminate\\Foundation\\Exceptions\\Handler.php(594): Illuminate\\Foundation\\Exceptions\\Handler->renderExceptionResponse(Object(Illuminate\\Http\\Request), Object(Illuminate\\Contracts\\Container\\BindingResolutionException))
#14 C:\\xampp\\htdocs\\CODEPHP\\vendor\\laravel\\framework\\src\\Illuminate\\Foundation\\Bootstrap\\HandleExceptions.php(221): Illuminate\\Foundation\\Exceptions\\Handler->render(Object(Illuminate\\Http\\Request), Object(Illuminate\\Contracts\\Container\\BindingResolutionException))
#15 C:\\xampp\\htdocs\\CODEPHP\\vendor\\laravel\\framework\\src\\Illuminate\\Foundation\\Bootstrap\\HandleExceptions.php(198): Illuminate\\Foundation\\Bootstrap\\HandleExceptions->renderHttpResponse(Object(Illuminate\\Contracts\\Container\\BindingResolutionException))
#16 C:\\xampp\\htdocs\\CODEPHP\\vendor\\laravel\\framework\\src\\Illuminate\\Foundation\\Bootstrap\\HandleExceptions.php(258): Illuminate\\Foundation\\Bootstrap\\HandleExceptions->handleException(Object(Illuminate\\Contracts\\Container\\BindingResolutionException))
#17 [internal function]: Illuminate\\Foundation\\Bootstrap\\HandleExceptions->Illuminate\\Foundation\\Bootstrap\\{closure}(Object(Illuminate\\Contracts\\Container\\BindingResolutionException))
#18 {main}
  thrown at C:/xampp/htdocs/CODEPHP/vendor/laravel/framework/src/Illuminate/Container/Container.php:961)
[stacktrace]
#0 {main}
"} 
[2026-06-03 16:03:50] production.ERROR: The C:\xampp\htdocs\CODEPHP\bootstrap\cache directory must be present and writable. {"exception":"[object] (Exception(code: 0): The C:\\xampp\\htdocs\\CODEPHP\\bootstrap\\cache directory must be present and writable. at C:/xampp/htdocs/CODEPHP/vendor/laravel/framework/src/Illuminate/Foundation/PackageManifest.php:179)
[stacktrace]
#0 C:/xampp/htdocs/CODEPHP/vendor/laravel/framework/src/Illuminate/Foundation/PackageManifest.php(132): Illuminate/Foundation/PackageManifest->write(Array)
#1 C:/xampp/htdocs/CODEPHP/vendor/laravel/framework/src/Illuminate/Foundation/PackageManifest.php(108): Illuminate/Foundation/PackageManifest->build()
#2 C:/xampp/htdocs/CODEPHP/vendor/laravel/framework/src/Illuminate/Foundation/PackageManifest.php(91): Illuminate/Foundation/PackageManifest->getManifest()
#3 C:/xampp/htdocs/CODEPHP/vendor/laravel/framework/src/Illuminate/Foundation/PackageManifest.php(80): Illuminate/Foundation/PackageManifest->config('aliases')
#4 C:/xampp/htdocs/CODEPHP/vendor/laravel/framework/src/Illuminate/Foundation/Bootstrap/RegisterFacades.php(26): Illuminate/Foundation/PackageManifest->aliases()
#5 C:/xampp/htdocs/CODEPHP/vendor/laravel/framework/src/Illuminate/Foundation/Application.php(342): Illuminate/Foundation/Bootstrap/RegisterFacades->bootstrap(Object(Illuminate/Foundation/Application))
#6 C:/xampp/htdocs/CODEPHP/vendor/laravel/framework/src/Illuminate/Foundation/Http/Kernel.php(187): Illuminate/Foundation/Application->bootstrapWith(Array)
#7 C:/xampp/htdocs/CODEPHP/vendor/laravel/framework/src/Illuminate/Foundation/Http/Kernel.php(171): Illuminate/Foundation/Http/Kernel->bootstrap()
#8 C:/xampp/htdocs/CODEPHP/vendor/laravel/framework/src/Illuminate/Foundation/Http/Kernel.php(145): Illuminate/Foundation/Http/Kernel->sendRequestThroughRouter(Object(Illuminate/Http/Request))
#9 C:/xampp/htdocs/CODEPHP/vendor/laravel/framework/src/Illuminate/Foundation/Application.php(1220): Illuminate/Foundation/Http/Kernel->handle(Object(Illuminate/Http/Request))
#10 C:/xampp/htdocs/CODEPHP/public/index.php(17): Illuminate/Foundation/Application->handleRequest(Object(Illuminate/Http/Request))
#11 {main}
"} 
[2026-06-03 16:03:50] production.ERROR: Target class [view] does not exist. {"exception":"[object] (Illuminate\\Contracts\\Container\\BindingResolutionException(code: 0): Target class [view] does not exist. at C:/xampp/htdocs/CODEPHP/vendor/laravel/framework/src/Illuminate/Container/Container.php:961)
[stacktrace]
#0 C:/xampp/htdocs/CODEPHP/vendor/laravel/framework/src/Illuminate/Container/Container.php(832): Illuminate/Container/Container->build('view')
#1 C:/xampp/htdocs/CODEPHP/vendor/laravel/framework/src/Illuminate/Foundation/Application.php(1078): Illuminate/Container/Container->resolve('view', Array, true)
#2 C:/xampp/htdocs/CODEPHP/vendor/laravel/framework/src/Illuminate/Container/Container.php(763): Illuminate/Foundation/Application->resolve('view', Array)
#3 C:/xampp/htdocs/CODEPHP/vendor/laravel/framework/src/Illuminate/Foundation/Application.php(1058): Illuminate/Container/Container->make('view', Array)
#4 C:/xampp/htdocs/CODEPHP/vendor/laravel/framework/src/Illuminate/Container/Container.php(1580): Illuminate/Foundation/Application->make('view')
#5 C:/xampp/htdocs/CODEPHP/vendor/laravel/framework/src/Illuminate/Support/Facades/Facade.php(239): Illuminate/Container/Container->offsetGet('view')
#6 C:/xampp/htdocs/CODEPHP/vendor/laravel/framework/src/Illuminate/Support/Facades/Facade.php(210): Illuminate/Support/Facades/Facade::resolveFacadeInstance('view')
#7 C:/xampp/htdocs/CODEPHP/vendor/laravel/framework/src/Illuminate/Support/Facades/Facade.php(355): Illuminate/Support/Facades/Facade::getFacadeRoot()
#8 C:/xampp/htdocs/CODEPHP/vendor/laravel/framework/src/Illuminate/Foundation/Exceptions/RegisterErrorViewPaths.php(17): Illuminate/Support/Facades/Facade::__callStatic('replaceNamespac...', Array)
#9 C:/xampp/htdocs/CODEPHP/vendor/laravel/framework/src/Illuminate/Foundation/Exceptions/Handler.php(915): Illuminate/Foundation/Exceptions/RegisterErrorViewPaths->__invoke()
#10 C:/xampp/htdocs/CODEPHP/vendor/laravel/framework/src/Illuminate/Foundation/Exceptions/Handler.php(890): Illuminate/Foundation/Exceptions/Handler->registerErrorViewPaths()
#11 C:/xampp/htdocs/CODEPHP/vendor/laravel/framework/src/Illuminate/Foundation/Exceptions/Handler.php(815): Illuminate/Foundation/Exceptions/Handler->renderHttpException(Object(Symfony/Component/HttpKernel/Exception/HttpException))
#12 C:/xampp/htdocs/CODEPHP/vendor/laravel/framework/src/Illuminate/Foundation/Exceptions/Handler.php(706): Illuminate/Foundation/Exceptions/Handler->prepareResponse(Object(Illuminate/Http/Request), Object(Symfony/Component/HttpKernel/Exception/HttpException))
#13 C:/xampp/htdocs/CODEPHP/vendor/laravel/framework/src/Illuminate/Foundation/Exceptions/Handler.php(594): Illuminate/Foundation/Exceptions/Handler->renderExceptionResponse(Object(Illuminate/Http/Request), Object(Exception))
#14 C:/xampp/htdocs/CODEPHP/vendor/laravel/framework/src/Illuminate/Foundation/Http/Kernel.php(575): Illuminate/Foundation/Exceptions/Handler->render(Object(Illuminate/Http/Request), Object(Exception))
#15 C:/xampp/htdocs/CODEPHP/vendor/laravel/framework/src/Illuminate/Foundation/Http/Kernel.php(149): Illuminate/Foundation/Http/Kernel->renderException(Object(Illuminate/Http/Request), Object(Exception))
#16 C:/xampp/htdocs/CODEPHP/vendor/laravel/framework/src/Illuminate/Foundation/Application.php(1220): Illuminate/Foundation/Http/Kernel->handle(Object(Illuminate/Http/Request))
#17 C:/xampp/htdocs/CODEPHP/public/index.php(17): Illuminate/Foundation/Application->handleRequest(Object(Illuminate/Http/Request))
#18 {main}

[previous exception] [object] (ReflectionException(code: -1): Class \"view\" does not exist at C:/xampp/htdocs/CODEPHP/vendor/laravel/framework/src/Illuminate/Container/Container.php:959)
[stacktrace]
#0 C:/xampp/htdocs/CODEPHP/vendor/laravel/framework/src/Illuminate/Container/Container.php(959): ReflectionClass->__construct('view')
#1 C:/xampp/htdocs/CODEPHP/vendor/laravel/framework/src/Illuminate/Container/Container.php(832): Illuminate/Container/Container->build('view')
#2 C:/xampp/htdocs/CODEPHP/vendor/laravel/framework/src/Illuminate/Foundation/Application.php(1078): Illuminate/Container/Container->resolve('view', Array, true)
#3 C:/xampp/htdocs/CODEPHP/vendor/laravel/framework/src/Illuminate/Container/Container.php(763): Illuminate/Foundation/Application->resolve('view', Array)
#4 C:/xampp/htdocs/CODEPHP/vendor/laravel/framework/src/Illuminate/Foundation/Application.php(1058): Illuminate/Container/Container->make('view', Array)
#5 C:/xampp/htdocs/CODEPHP/vendor/laravel/framework/src/Illuminate/Container/Container.php(1580): Illuminate/Foundation/Application->make('view')
#6 C:/xampp/htdocs/CODEPHP/vendor/laravel/framework/src/Illuminate/Support/Facades/Facade.php(239): Illuminate/Container/Container->offsetGet('view')
#7 C:/xampp/htdocs/CODEPHP/vendor/laravel/framework/src/Illuminate/Support/Facades/Facade.php(210): Illuminate/Support/Facades/Facade::resolveFacadeInstance('view')
#8 C:/xampp/htdocs/CODEPHP/vendor/laravel/framework/src/Illuminate/Support/Facades/Facade.php(355): Illuminate/Support/Facades/Facade::getFacadeRoot()
#9 C:/xampp/htdocs/CODEPHP/vendor/laravel/framework/src/Illuminate/Foundation/Exceptions/RegisterErrorViewPaths.php(17): Illuminate/Support/Facades/Facade::__callStatic('replaceNamespac...', Array)
#10 C:/xampp/htdocs/CODEPHP/vendor/laravel/framework/src/Illuminate/Foundation/Exceptions/Handler.php(915): Illuminate/Foundation/Exceptions/RegisterErrorViewPaths->__invoke()
#11 C:/xampp/htdocs/CODEPHP/vendor/laravel/framework/src/Illuminate/Foundation/Exceptions/Handler.php(890): Illuminate/Foundation/Exceptions/Handler->registerErrorViewPaths()
#12 C:/xampp/htdocs/CODEPHP/vendor/laravel/framework/src/Illuminate/Foundation/Exceptions/Handler.php(815): Illuminate/Foundation/Exceptions/Handler->renderHttpException(Object(Symfony/Component/HttpKernel/Exception/HttpException))
#13 C:/xampp/htdocs/CODEPHP/vendor/laravel/framework/src/Illuminate/Foundation/Exceptions/Handler.php(706): Illuminate/Foundation/Exceptions/Handler->prepareResponse(Object(Illuminate/Http/Request), Object(Symfony/Component/HttpKernel/Exception/HttpException))
#14 C:/xampp/htdocs/CODEPHP/vendor/laravel/framework/src/Illuminate/Foundation/Exceptions/Handler.php(594): Illuminate/Foundation/Exceptions/Handler->renderExceptionResponse(Object(Illuminate/Http/Request), Object(Exception))
#15 C:/xampp/htdocs/CODEPHP/vendor/laravel/framework/src/Illuminate/Foundation/Http/Kernel.php(575): Illuminate/Foundation/Exceptions/Handler->render(Object(Illuminate/Http/Request), Object(Exception))
#16 C:/xampp/htdocs/CODEPHP/vendor/laravel/framework/src/Illuminate/Foundation/Http/Kernel.php(149): Illuminate/Foundation/Http/Kernel->renderException(Object(Illuminate/Http/Request), Object(Exception))
#17 C:/xampp/htdocs/CODEPHP/vendor/laravel/framework/src/Illuminate/Foundation/Application.php(1220): Illuminate/Foundation/Http/Kernel->handle(Object(Illuminate/Http/Request))
#18 C:/xampp/htdocs/CODEPHP/public/index.php(17): Illuminate/Foundation/Application->handleRequest(Object(Illuminate/Http/Request))
#19 {main}
"} 
[2026-06-03 16:03:50] production.ERROR: Uncaught ReflectionException: Class "view" does not exist in C:\xampp\htdocs\CODEPHP\vendor\laravel\framework\src\Illuminate\Container\Container.php:959
Stack trace:
#0 C:\xampp\htdocs\CODEPHP\vendor\laravel\framework\src\Illuminate\Container\Container.php(959): ReflectionClass->__construct('view')
#1 C:\xampp\htdocs\CODEPHP\vendor\laravel\framework\src\Illuminate\Container\Container.php(832): Illuminate\Container\Container->build('view')
#2 C:\xampp\htdocs\CODEPHP\vendor\laravel\framework\src\Illuminate\Foundation\Application.php(1078): Illuminate\Container\Container->resolve('view', Array, true)
#3 C:\xampp\htdocs\CODEPHP\vendor\laravel\framework\src\Illuminate\Container\Container.php(763): Illuminate\Foundation\Application->resolve('view', Array)
#4 C:\xampp\htdocs\CODEPHP\vendor\laravel\framework\src\Illuminate\Foundation\Application.php(1058): Illuminate\Container\Container->make('view', Array)
#5 C:\xampp\htdocs\CODEPHP\vendor\laravel\framework\src\Illuminate\Container\Container.php(1580): Illuminate\Foundation\Application->make('view')
#6 C:\xampp\htdocs\CODEPHP\vendor\laravel\framework\src\Illuminate\Support\Facades\Facade.php(239): Illuminate\Container\Container->offsetGet('view')
#7 C:\xampp\htdocs\CODEPHP\vendor\laravel\framework\src\Illuminate\Support\Facades\Facade.php(210): Illuminate\Support\Facades\Facade::resolveFacadeInstance('view')
#8 C:\xampp\htdocs\CODEPHP\vendor\laravel\framework\src\Illuminate\Support\Facades\Facade.php(355): Illuminate\Support\Facades\Facade::getFacadeRoot()
#9 C:\xampp\htdocs\CODEPHP\vendor\laravel\framework\src\Illuminate\Foundation\Exceptions\RegisterErrorViewPaths.php(17): Illuminate\Support\Facades\Facade::__callStatic('replaceNamespac...', Array)
#10 C:\xampp\htdocs\CODEPHP\vendor\laravel\framework\src\Illuminate\Foundation\Exceptions\Handler.php(915): Illuminate\Foundation\Exceptions\RegisterErrorViewPaths->__invoke()
#11 C:\xampp\htdocs\CODEPHP\vendor\laravel\framework\src\Illuminate\Foundation\Exceptions\Handler.php(890): Illuminate\Foundation\Exceptions\Handler->registerErrorViewPaths()
#12 C:\xampp\htdocs\CODEPHP\vendor\laravel\framework\src\Illuminate\Foundation\Exceptions\Handler.php(815): Illuminate\Foundation\Exceptions\Handler->renderHttpException(Object(Symfony\Component\HttpKernel\Exception\HttpException))
#13 C:\xampp\htdocs\CODEPHP\vendor\laravel\framework\src\Illuminate\Foundation\Exceptions\Handler.php(706): Illuminate\Foundation\Exceptions\Handler->prepareResponse(Object(Illuminate\Http\Request), Object(Symfony\Component\HttpKernel\Exception\HttpException))
#14 C:\xampp\htdocs\CODEPHP\vendor\laravel\framework\src\Illuminate\Foundation\Exceptions\Handler.php(594): Illuminate\Foundation\Exceptions\Handler->renderExceptionResponse(Object(Illuminate\Http\Request), Object(Illuminate\Contracts\Container\BindingResolutionException))
#15 C:\xampp\htdocs\CODEPHP\vendor\laravel\framework\src\Illuminate\Foundation\Bootstrap\HandleExceptions.php(221): Illuminate\Foundation\Exceptions\Handler->render(Object(Illuminate\Http\Request), Object(Illuminate\Contracts\Container\BindingResolutionException))
#16 C:\xampp\htdocs\CODEPHP\vendor\laravel\framework\src\Illuminate\Foundation\Bootstrap\HandleExceptions.php(198): Illuminate\Foundation\Bootstrap\HandleExceptions->renderHttpResponse(Object(Illuminate\Contracts\Container\BindingResolutionException))
#17 C:\xampp\htdocs\CODEPHP\vendor\laravel\framework\src\Illuminate\Foundation\Bootstrap\HandleExceptions.php(258): Illuminate\Foundation\Bootstrap\HandleExceptions->handleException(Object(Illuminate\Contracts\Container\BindingResolutionException))
#18 [internal function]: Illuminate\Foundation\Bootstrap\HandleExceptions->Illuminate\Foundation\Bootstrap\{closure}(Object(Illuminate\Contracts\Container\BindingResolutionException))
#19 {main}

Next Illuminate\Contracts\Container\BindingResolutionException: Target class [view] does not exist. in C:\xampp\htdocs\CODEPHP\vendor\laravel\framework\src\Illuminate\Container\Container.php:961
Stack trace:
#0 C:\xampp\htdocs\CODEPHP\vendor\laravel\framework\src\Illuminate\Container\Container.php(832): Illuminate\Container\Container->build('view')
#1 C:\xampp\htdocs\CODEPHP\vendor\laravel\framework\src\Illuminate\Foundation\Application.php(1078): Illuminate\Container\Container->resolve('view', Array, true)
#2 C:\xampp\htdocs\CODEPHP\vendor\laravel\framework\src\Illuminate\Container\Container.php(763): Illuminate\Foundation\Application->resolve('view', Array)
#3 C:\xampp\htdocs\CODEPHP\vendor\laravel\framework\src\Illuminate\Foundation\Application.php(1058): Illuminate\Container\Container->make('view', Array)
#4 C:\xampp\htdocs\CODEPHP\vendor\laravel\framework\src\Illuminate\Container\Container.php(1580): Illuminate\Foundation\Application->make('view')
#5 C:\xampp\htdocs\CODEPHP\vendor\laravel\framework\src\Illuminate\Support\Facades\Facade.php(239): Illuminate\Container\Container->offsetGet('view')
#6 C:\xampp\htdocs\CODEPHP\vendor\laravel\framework\src\Illuminate\Support\Facades\Facade.php(210): Illuminate\Support\Facades\Facade::resolveFacadeInstance('view')
#7 C:\xampp\htdocs\CODEPHP\vendor\laravel\framework\src\Illuminate\Support\Facades\Facade.php(355): Illuminate\Support\Facades\Facade::getFacadeRoot()
#8 C:\xampp\htdocs\CODEPHP\vendor\laravel\framework\src\Illuminate\Foundation\Exceptions\RegisterErrorViewPaths.php(17): Illuminate\Support\Facades\Facade::__callStatic('replaceNamespac...', Array)
#9 C:\xampp\htdocs\CODEPHP\vendor\laravel\framework\src\Illuminate\Foundation\Exceptions\Handler.php(915): Illuminate\Foundation\Exceptions\RegisterErrorViewPaths->__invoke()
#10 C:\xampp\htdocs\CODEPHP\vendor\laravel\framework\src\Illuminate\Foundation\Exceptions\Handler.php(890): Illuminate\Foundation\Exceptions\Handler->registerErrorViewPaths()
#11 C:\xampp\htdocs\CODEPHP\vendor\laravel\framework\src\Illuminate\Foundation\Exceptions\Handler.php(815): Illuminate\Foundation\Exceptions\Handler->renderHttpException(Object(Symfony\Component\HttpKernel\Exception\HttpException))
#12 C:\xampp\htdocs\CODEPHP\vendor\laravel\framework\src\Illuminate\Foundation\Exceptions\Handler.php(706): Illuminate\Foundation\Exceptions\Handler->prepareResponse(Object(Illuminate\Http\Request), Object(Symfony\Component\HttpKernel\Exception\HttpException))
#13 C:\xampp\htdocs\CODEPHP\vendor\laravel\framework\src\Illuminate\Foundation\Exceptions\Handler.php(594): Illuminate\Foundation\Exceptions\Handler->renderExceptionResponse(Object(Illuminate\Http\Request), Object(Illuminate\Contracts\Container\BindingResolutionException))
#14 C:\xampp\htdocs\CODEPHP\vendor\laravel\framework\src\Illuminate\Foundation\Bootstrap\HandleExceptions.php(221): Illuminate\Foundation\Exceptions\Handler->render(Object(Illuminate\Http\Request), Object(Illuminate\Contracts\Container\BindingResolutionException))
#15 C:\xampp\htdocs\CODEPHP\vendor\laravel\framework\src\Illuminate\Foundation\Bootstrap\HandleExceptions.php(198): Illuminate\Foundation\Bootstrap\HandleExceptions->renderHttpResponse(Object(Illuminate\Contracts\Container\BindingResolutionException))
#16 C:\xampp\htdocs\CODEPHP\vendor\laravel\framework\src\Illuminate\Foundation\Bootstrap\HandleExceptions.php(258): Illuminate\Foundation\Bootstrap\HandleExceptions->handleException(Object(Illuminate\Contracts\Container\BindingResolutionException))
#17 [internal function]: Illuminate\Foundation\Bootstrap\HandleExceptions->Illuminate\Foundation\Bootstrap\{closure}(Object(Illuminate\Contracts\Container\BindingResolutionException))
#18 {main}
  thrown {"exception":"[object] (Symfony\\Component\\ErrorHandler\\Error\\FatalError(code: 0): Uncaught ReflectionException: Class \"view\" does not exist in C:\\xampp\\htdocs\\CODEPHP\\vendor\\laravel\\framework\\src\\Illuminate\\Container\\Container.php:959
Stack trace:
#0 C:\\xampp\\htdocs\\CODEPHP\\vendor\\laravel\\framework\\src\\Illuminate\\Container\\Container.php(959): ReflectionClass->__construct('view')
#1 C:\\xampp\\htdocs\\CODEPHP\\vendor\\laravel\\framework\\src\\Illuminate\\Container\\Container.php(832): Illuminate\\Container\\Container->build('view')
#2 C:\\xampp\\htdocs\\CODEPHP\\vendor\\laravel\\framework\\src\\Illuminate\\Foundation\\Application.php(1078): Illuminate\\Container\\Container->resolve('view', Array, true)
#3 C:\\xampp\\htdocs\\CODEPHP\\vendor\\laravel\\framework\\src\\Illuminate\\Container\\Container.php(763): Illuminate\\Foundation\\Application->resolve('view', Array)
#4 C:\\xampp\\htdocs\\CODEPHP\\vendor\\laravel\\framework\\src\\Illuminate\\Foundation\\Application.php(1058): Illuminate\\Container\\Container->make('view', Array)
#5 C:\\xampp\\htdocs\\CODEPHP\\vendor\\laravel\\framework\\src\\Illuminate\\Container\\Container.php(1580): Illuminate\\Foundation\\Application->make('view')
#6 C:\\xampp\\htdocs\\CODEPHP\\vendor\\laravel\\framework\\src\\Illuminate\\Support\\Facades\\Facade.php(239): Illuminate\\Container\\Container->offsetGet('view')
#7 C:\\xampp\\htdocs\\CODEPHP\\vendor\\laravel\\framework\\src\\Illuminate\\Support\\Facades\\Facade.php(210): Illuminate\\Support\\Facades\\Facade::resolveFacadeInstance('view')
#8 C:\\xampp\\htdocs\\CODEPHP\\vendor\\laravel\\framework\\src\\Illuminate\\Support\\Facades\\Facade.php(355): Illuminate\\Support\\Facades\\Facade::getFacadeRoot()
#9 C:\\xampp\\htdocs\\CODEPHP\\vendor\\laravel\\framework\\src\\Illuminate\\Foundation\\Exceptions\\RegisterErrorViewPaths.php(17): Illuminate\\Support\\Facades\\Facade::__callStatic('replaceNamespac...', Array)
#10 C:\\xampp\\htdocs\\CODEPHP\\vendor\\laravel\\framework\\src\\Illuminate\\Foundation\\Exceptions\\Handler.php(915): Illuminate\\Foundation\\Exceptions\\RegisterErrorViewPaths->__invoke()
#11 C:\\xampp\\htdocs\\CODEPHP\\vendor\\laravel\\framework\\src\\Illuminate\\Foundation\\Exceptions\\Handler.php(890): Illuminate\\Foundation\\Exceptions\\Handler->registerErrorViewPaths()
#12 C:\\xampp\\htdocs\\CODEPHP\\vendor\\laravel\\framework\\src\\Illuminate\\Foundation\\Exceptions\\Handler.php(815): Illuminate\\Foundation\\Exceptions\\Handler->renderHttpException(Object(Symfony\\Component\\HttpKernel\\Exception\\HttpException))
#13 C:\\xampp\\htdocs\\CODEPHP\\vendor\\laravel\\framework\\src\\Illuminate\\Foundation\\Exceptions\\Handler.php(706): Illuminate\\Foundation\\Exceptions\\Handler->prepareResponse(Object(Illuminate\\Http\\Request), Object(Symfony\\Component\\HttpKernel\\Exception\\HttpException))
#14 C:\\xampp\\htdocs\\CODEPHP\\vendor\\laravel\\framework\\src\\Illuminate\\Foundation\\Exceptions\\Handler.php(594): Illuminate\\Foundation\\Exceptions\\Handler->renderExceptionResponse(Object(Illuminate\\Http\\Request), Object(Illuminate\\Contracts\\Container\\BindingResolutionException))
#15 C:\\xampp\\htdocs\\CODEPHP\\vendor\\laravel\\framework\\src\\Illuminate\\Foundation\\Bootstrap\\HandleExceptions.php(221): Illuminate\\Foundation\\Exceptions\\Handler->render(Object(Illuminate\\Http\\Request), Object(Illuminate\\Contracts\\Container\\BindingResolutionException))
#16 C:\\xampp\\htdocs\\CODEPHP\\vendor\\laravel\\framework\\src\\Illuminate\\Foundation\\Bootstrap\\HandleExceptions.php(198): Illuminate\\Foundation\\Bootstrap\\HandleExceptions->renderHttpResponse(Object(Illuminate\\Contracts\\Container\\BindingResolutionException))
#17 C:\\xampp\\htdocs\\CODEPHP\\vendor\\laravel\\framework\\src\\Illuminate\\Foundation\\Bootstrap\\HandleExceptions.php(258): Illuminate\\Foundation\\Bootstrap\\HandleExceptions->handleException(Object(Illuminate\\Contracts\\Container\\BindingResolutionException))
#18 [internal function]: Illuminate\\Foundation\\Bootstrap\\HandleExceptions->Illuminate\\Foundation\\Bootstrap\\{closure}(Object(Illuminate\\Contracts\\Container\\BindingResolutionException))
#19 {main}

Next Illuminate\\Contracts\\Container\\BindingResolutionException: Target class [view] does not exist. in C:\\xampp\\htdocs\\CODEPHP\\vendor\\laravel\\framework\\src\\Illuminate\\Container\\Container.php:961
Stack trace:
#0 C:\\xampp\\htdocs\\CODEPHP\\vendor\\laravel\\framework\\src\\Illuminate\\Container\\Container.php(832): Illuminate\\Container\\Container->build('view')
#1 C:\\xampp\\htdocs\\CODEPHP\\vendor\\laravel\\framework\\src\\Illuminate\\Foundation\\Application.php(1078): Illuminate\\Container\\Container->resolve('view', Array, true)
#2 C:\\xampp\\htdocs\\CODEPHP\\vendor\\laravel\\framework\\src\\Illuminate\\Container\\Container.php(763): Illuminate\\Foundation\\Application->resolve('view', Array)
#3 C:\\xampp\\htdocs\\CODEPHP\\vendor\\laravel\\framework\\src\\Illuminate\\Foundation\\Application.php(1058): Illuminate\\Container\\Container->make('view', Array)
#4 C:\\xampp\\htdocs\\CODEPHP\\vendor\\laravel\\framework\\src\\Illuminate\\Container\\Container.php(1580): Illuminate\\Foundation\\Application->make('view')
#5 C:\\xampp\\htdocs\\CODEPHP\\vendor\\laravel\\framework\\src\\Illuminate\\Support\\Facades\\Facade.php(239): Illuminate\\Container\\Container->offsetGet('view')
#6 C:\\xampp\\htdocs\\CODEPHP\\vendor\\laravel\\framework\\src\\Illuminate\\Support\\Facades\\Facade.php(210): Illuminate\\Support\\Facades\\Facade::resolveFacadeInstance('view')
#7 C:\\xampp\\htdocs\\CODEPHP\\vendor\\laravel\\framework\\src\\Illuminate\\Support\\Facades\\Facade.php(355): Illuminate\\Support\\Facades\\Facade::getFacadeRoot()
#8 C:\\xampp\\htdocs\\CODEPHP\\vendor\\laravel\\framework\\src\\Illuminate\\Foundation\\Exceptions\\RegisterErrorViewPaths.php(17): Illuminate\\Support\\Facades\\Facade::__callStatic('replaceNamespac...', Array)
#9 C:\\xampp\\htdocs\\CODEPHP\\vendor\\laravel\\framework\\src\\Illuminate\\Foundation\\Exceptions\\Handler.php(915): Illuminate\\Foundation\\Exceptions\\RegisterErrorViewPaths->__invoke()
#10 C:\\xampp\\htdocs\\CODEPHP\\vendor\\laravel\\framework\\src\\Illuminate\\Foundation\\Exceptions\\Handler.php(890): Illuminate\\Foundation\\Exceptions\\Handler->registerErrorViewPaths()
#11 C:\\xampp\\htdocs\\CODEPHP\\vendor\\laravel\\framework\\src\\Illuminate\\Foundation\\Exceptions\\Handler.php(815): Illuminate\\Foundation\\Exceptions\\Handler->renderHttpException(Object(Symfony\\Component\\HttpKernel\\Exception\\HttpException))
#12 C:\\xampp\\htdocs\\CODEPHP\\vendor\\laravel\\framework\\src\\Illuminate\\Foundation\\Exceptions\\Handler.php(706): Illuminate\\Foundation\\Exceptions\\Handler->prepareResponse(Object(Illuminate\\Http\\Request), Object(Symfony\\Component\\HttpKernel\\Exception\\HttpException))
#13 C:\\xampp\\htdocs\\CODEPHP\\vendor\\laravel\\framework\\src\\Illuminate\\Foundation\\Exceptions\\Handler.php(594): Illuminate\\Foundation\\Exceptions\\Handler->renderExceptionResponse(Object(Illuminate\\Http\\Request), Object(Illuminate\\Contracts\\Container\\BindingResolutionException))
#14 C:\\xampp\\htdocs\\CODEPHP\\vendor\\laravel\\framework\\src\\Illuminate\\Foundation\\Bootstrap\\HandleExceptions.php(221): Illuminate\\Foundation\\Exceptions\\Handler->render(Object(Illuminate\\Http\\Request), Object(Illuminate\\Contracts\\Container\\BindingResolutionException))
#15 C:\\xampp\\htdocs\\CODEPHP\\vendor\\laravel\\framework\\src\\Illuminate\\Foundation\\Bootstrap\\HandleExceptions.php(198): Illuminate\\Foundation\\Bootstrap\\HandleExceptions->renderHttpResponse(Object(Illuminate\\Contracts\\Container\\BindingResolutionException))
#16 C:\\xampp\\htdocs\\CODEPHP\\vendor\\laravel\\framework\\src\\Illuminate\\Foundation\\Bootstrap\\HandleExceptions.php(258): Illuminate\\Foundation\\Bootstrap\\HandleExceptions->handleException(Object(Illuminate\\Contracts\\Container\\BindingResolutionException))
#17 [internal function]: Illuminate\\Foundation\\Bootstrap\\HandleExceptions->Illuminate\\Foundation\\Bootstrap\\{closure}(Object(Illuminate\\Contracts\\Container\\BindingResolutionException))
#18 {main}
  thrown at C:/xampp/htdocs/CODEPHP/vendor/laravel/framework/src/Illuminate/Container/Container.php:961)
[stacktrace]
#0 {main}
"} 
[2026-06-03 16:03:51] production.ERROR: The C:\xampp\htdocs\CODEPHP\bootstrap\cache directory must be present and writable. {"exception":"[object] (Exception(code: 0): The C:\\xampp\\htdocs\\CODEPHP\\bootstrap\\cache directory must be present and writable. at C:/xampp/htdocs/CODEPHP/vendor/laravel/framework/src/Illuminate/Foundation/PackageManifest.php:179)
[stacktrace]
#0 C:/xampp/htdocs/CODEPHP/vendor/laravel/framework/src/Illuminate/Foundation/PackageManifest.php(132): Illuminate/Foundation/PackageManifest->write(Array)
#1 C:/xampp/htdocs/CODEPHP/vendor/laravel/framework/src/Illuminate/Foundation/PackageManifest.php(108): Illuminate/Foundation/PackageManifest->build()
#2 C:/xampp/htdocs/CODEPHP/vendor/laravel/framework/src/Illuminate/Foundation/PackageManifest.php(91): Illuminate/Foundation/PackageManifest->getManifest()
#3 C:/xampp/htdocs/CODEPHP/vendor/laravel/framework/src/Illuminate/Foundation/PackageManifest.php(80): Illuminate/Foundation/PackageManifest->config('aliases')
#4 C:/xampp/htdocs/CODEPHP/vendor/laravel/framework/src/Illuminate/Foundation/Bootstrap/RegisterFacades.php(26): Illuminate/Foundation/PackageManifest->aliases()
#5 C:/xampp/htdocs/CODEPHP/vendor/laravel/framework/src/Illuminate/Foundation/Application.php(342): Illuminate/Foundation/Bootstrap/RegisterFacades->bootstrap(Object(Illuminate/Foundation/Application))
#6 C:/xampp/htdocs/CODEPHP/vendor/laravel/framework/src/Illuminate/Foundation/Http/Kernel.php(187): Illuminate/Foundation/Application->bootstrapWith(Array)
#7 C:/xampp/htdocs/CODEPHP/vendor/laravel/framework/src/Illuminate/Foundation/Http/Kernel.php(171): Illuminate/Foundation/Http/Kernel->bootstrap()
#8 C:/xampp/htdocs/CODEPHP/vendor/laravel/framework/src/Illuminate/Foundation/Http/Kernel.php(145): Illuminate/Foundation/Http/Kernel->sendRequestThroughRouter(Object(Illuminate/Http/Request))
#9 C:/xampp/htdocs/CODEPHP/vendor/laravel/framework/src/Illuminate/Foundation/Application.php(1220): Illuminate/Foundation/Http/Kernel->handle(Object(Illuminate/Http/Request))
#10 C:/xampp/htdocs/CODEPHP/public/index.php(17): Illuminate/Foundation/Application->handleRequest(Object(Illuminate/Http/Request))
#11 {main}
"} 
[2026-06-03 16:03:51] production.ERROR: Target class [view] does not exist. {"exception":"[object] (Illuminate\\Contracts\\Container\\BindingResolutionException(code: 0): Target class [view] does not exist. at C:/xampp/htdocs/CODEPHP/vendor/laravel/framework/src/Illuminate/Container/Container.php:961)
[stacktrace]
#0 C:/xampp/htdocs/CODEPHP/vendor/laravel/framework/src/Illuminate/Container/Container.php(832): Illuminate/Container/Container->build('view')
#1 C:/xampp/htdocs/CODEPHP/vendor/laravel/framework/src/Illuminate/Foundation/Application.php(1078): Illuminate/Container/Container->resolve('view', Array, true)
#2 C:/xampp/htdocs/CODEPHP/vendor/laravel/framework/src/Illuminate/Container/Container.php(763): Illuminate/Foundation/Application->resolve('view', Array)
#3 C:/xampp/htdocs/CODEPHP/vendor/laravel/framework/src/Illuminate/Foundation/Application.php(1058): Illuminate/Container/Container->make('view', Array)
#4 C:/xampp/htdocs/CODEPHP/vendor/laravel/framework/src/Illuminate/Container/Container.php(1580): Illuminate/Foundation/Application->make('view')
#5 C:/xampp/htdocs/CODEPHP/vendor/laravel/framework/src/Illuminate/Support/Facades/Facade.php(239): Illuminate/Container/Container->offsetGet('view')
#6 C:/xampp/htdocs/CODEPHP/vendor/laravel/framework/src/Illuminate/Support/Facades/Facade.php(210): Illuminate/Support/Facades/Facade::resolveFacadeInstance('view')
#7 C:/xampp/htdocs/CODEPHP/vendor/laravel/framework/src/Illuminate/Support/Facades/Facade.php(355): Illuminate/Support/Facades/Facade::getFacadeRoot()
#8 C:/xampp/htdocs/CODEPHP/vendor/laravel/framework/src/Illuminate/Foundation/Exceptions/RegisterErrorViewPaths.php(17): Illuminate/Support/Facades/Facade::__callStatic('replaceNamespac...', Array)
#9 C:/xampp/htdocs/CODEPHP/vendor/laravel/framework/src/Illuminate/Foundation/Exceptions/Handler.php(915): Illuminate/Foundation/Exceptions/RegisterErrorViewPaths->__invoke()
#10 C:/xampp/htdocs/CODEPHP/vendor/laravel/framework/src/Illuminate/Foundation/Exceptions/Handler.php(890): Illuminate/Foundation/Exceptions/Handler->registerErrorViewPaths()
#11 C:/xampp/htdocs/CODEPHP/vendor/laravel/framework/src/Illuminate/Foundation/Exceptions/Handler.php(815): Illuminate/Foundation/Exceptions/Handler->renderHttpException(Object(Symfony/Component/HttpKernel/Exception/HttpException))
#12 C:/xampp/htdocs/CODEPHP/vendor/laravel/framework/src/Illuminate/Foundation/Exceptions/Handler.php(706): Illuminate/Foundation/Exceptions/Handler->prepareResponse(Object(Illuminate/Http/Request), Object(Symfony/Component/HttpKernel/Exception/HttpException))
#13 C:/xampp/htdocs/CODEPHP/vendor/laravel/framework/src/Illuminate/Foundation/Exceptions/Handler.php(594): Illuminate/Foundation/Exceptions/Handler->renderExceptionResponse(Object(Illuminate/Http/Request), Object(Exception))
#14 C:/xampp/htdocs/CODEPHP/vendor/laravel/framework/src/Illuminate/Foundation/Http/Kernel.php(575): Illuminate/Foundation/Exceptions/Handler->render(Object(Illuminate/Http/Request), Object(Exception))
#15 C:/xampp/htdocs/CODEPHP/vendor/laravel/framework/src/Illuminate/Foundation/Http/Kernel.php(149): Illuminate/Foundation/Http/Kernel->renderException(Object(Illuminate/Http/Request), Object(Exception))
#16 C:/xampp/htdocs/CODEPHP/vendor/laravel/framework/src/Illuminate/Foundation/Application.php(1220): Illuminate/Foundation/Http/Kernel->handle(Object(Illuminate/Http/Request))
#17 C:/xampp/htdocs/CODEPHP/public/index.php(17): Illuminate/Foundation/Application->handleRequest(Object(Illuminate/Http/Request))
#18 {main}

[previous exception] [object] (ReflectionException(code: -1): Class \"view\" does not exist at C:/xampp/htdocs/CODEPHP/vendor/laravel/framework/src/Illuminate/Container/Container.php:959)
[stacktrace]
#0 C:/xampp/htdocs/CODEPHP/vendor/laravel/framework/src/Illuminate/Container/Container.php(959): ReflectionClass->__construct('view')
#1 C:/xampp/htdocs/CODEPHP/vendor/laravel/framework/src/Illuminate/Container/Container.php(832): Illuminate/Container/Container->build('view')
#2 C:/xampp/htdocs/CODEPHP/vendor/laravel/framework/src/Illuminate/Foundation/Application.php(1078): Illuminate/Container/Container->resolve('view', Array, true)
#3 C:/xampp/htdocs/CODEPHP/vendor/laravel/framework/src/Illuminate/Container/Container.php(763): Illuminate/Foundation/Application->resolve('view', Array)
#4 C:/xampp/htdocs/CODEPHP/vendor/laravel/framework/src/Illuminate/Foundation/Application.php(1058): Illuminate/Container/Container->make('view', Array)
#5 C:/xampp/htdocs/CODEPHP/vendor/laravel/framework/src/Illuminate/Container/Container.php(1580): Illuminate/Foundation/Application->make('view')
#6 C:/xampp/htdocs/CODEPHP/vendor/laravel/framework/src/Illuminate/Support/Facades/Facade.php(239): Illuminate/Container/Container->offsetGet('view')
#7 C:/xampp/htdocs/CODEPHP/vendor/laravel/framework/src/Illuminate/Support/Facades/Facade.php(210): Illuminate/Support/Facades/Facade::resolveFacadeInstance('view')
#8 C:/xampp/htdocs/CODEPHP/vendor/laravel/framework/src/Illuminate/Support/Facades/Facade.php(355): Illuminate/Support/Facades/Facade::getFacadeRoot()
#9 C:/xampp/htdocs/CODEPHP/vendor/laravel/framework/src/Illuminate/Foundation/Exceptions/RegisterErrorViewPaths.php(17): Illuminate/Support/Facades/Facade::__callStatic('replaceNamespac...', Array)
#10 C:/xampp/htdocs/CODEPHP/vendor/laravel/framework/src/Illuminate/Foundation/Exceptions/Handler.php(915): Illuminate/Foundation/Exceptions/RegisterErrorViewPaths->__invoke()
#11 C:/xampp/htdocs/CODEPHP/vendor/laravel/framework/src/Illuminate/Foundation/Exceptions/Handler.php(890): Illuminate/Foundation/Exceptions/Handler->registerErrorViewPaths()
#12 C:/xampp/htdocs/CODEPHP/vendor/laravel/framework/src/Illuminate/Foundation/Exceptions/Handler.php(815): Illuminate/Foundation/Exceptions/Handler->renderHttpException(Object(Symfony/Component/HttpKernel/Exception/HttpException))
#13 C:/xampp/htdocs/CODEPHP/vendor/laravel/framework/src/Illuminate/Foundation/Exceptions/Handler.php(706): Illuminate/Foundation/Exceptions/Handler->prepareResponse(Object(Illuminate/Http/Request), Object(Symfony/Component/HttpKernel/Exception/HttpException))
#14 C:/xampp/htdocs/CODEPHP/vendor/laravel/framework/src/Illuminate/Foundation/Exceptions/Handler.php(594): Illuminate/Foundation/Exceptions/Handler->renderExceptionResponse(Object(Illuminate/Http/Request), Object(Exception))
#15 C:/xampp/htdocs/CODEPHP/vendor/laravel/framework/src/Illuminate/Foundation/Http/Kernel.php(575): Illuminate/Foundation/Exceptions/Handler->render(Object(Illuminate/Http/Request), Object(Exception))
#16 C:/xampp/htdocs/CODEPHP/vendor/laravel/framework/src/Illuminate/Foundation/Http/Kernel.php(149): Illuminate/Foundation/Http/Kernel->renderException(Object(Illuminate/Http/Request), Object(Exception))
#17 C:/xampp/htdocs/CODEPHP/vendor/laravel/framework/src/Illuminate/Foundation/Application.php(1220): Illuminate/Foundation/Http/Kernel->handle(Object(Illuminate/Http/Request))
#18 C:/xampp/htdocs/CODEPHP/public/index.php(17): Illuminate/Foundation/Application->handleRequest(Object(Illuminate/Http/Request))
#19 {main}
"} 
[2026-06-03 16:03:51] production.ERROR: Uncaught ReflectionException: Class "view" does not exist in C:\xampp\htdocs\CODEPHP\vendor\laravel\framework\src\Illuminate\Container\Container.php:959
Stack trace:
#0 C:\xampp\htdocs\CODEPHP\vendor\laravel\framework\src\Illuminate\Container\Container.php(959): ReflectionClass->__construct('view')
#1 C:\xampp\htdocs\CODEPHP\vendor\laravel\framework\src\Illuminate\Container\Container.php(832): Illuminate\Container\Container->build('view')
#2 C:\xampp\htdocs\CODEPHP\vendor\laravel\framework\src\Illuminate\Foundation\Application.php(1078): Illuminate\Container\Container->resolve('view', Array, true)
#3 C:\xampp\htdocs\CODEPHP\vendor\laravel\framework\src\Illuminate\Container\Container.php(763): Illuminate\Foundation\Application->resolve('view', Array)
#4 C:\xampp\htdocs\CODEPHP\vendor\laravel\framework\src\Illuminate\Foundation\Application.php(1058): Illuminate\Container\Container->make('view', Array)
#5 C:\xampp\htdocs\CODEPHP\vendor\laravel\framework\src\Illuminate\Container\Container.php(1580): Illuminate\Foundation\Application->make('view')
#6 C:\xampp\htdocs\CODEPHP\vendor\laravel\framework\src\Illuminate\Support\Facades\Facade.php(239): Illuminate\Container\Container->offsetGet('view')
#7 C:\xampp\htdocs\CODEPHP\vendor\laravel\framework\src\Illuminate\Support\Facades\Facade.php(210): Illuminate\Support\Facades\Facade::resolveFacadeInstance('view')
#8 C:\xampp\htdocs\CODEPHP\vendor\laravel\framework\src\Illuminate\Support\Facades\Facade.php(355): Illuminate\Support\Facades\Facade::getFacadeRoot()
#9 C:\xampp\htdocs\CODEPHP\vendor\laravel\framework\src\Illuminate\Foundation\Exceptions\RegisterErrorViewPaths.php(17): Illuminate\Support\Facades\Facade::__callStatic('replaceNamespac...', Array)
#10 C:\xampp\htdocs\CODEPHP\vendor\laravel\framework\src\Illuminate\Foundation\Exceptions\Handler.php(915): Illuminate\Foundation\Exceptions\RegisterErrorViewPaths->__invoke()
#11 C:\xampp\htdocs\CODEPHP\vendor\laravel\framework\src\Illuminate\Foundation\Exceptions\Handler.php(890): Illuminate\Foundation\Exceptions\Handler->registerErrorViewPaths()
#12 C:\xampp\htdocs\CODEPHP\vendor\laravel\framework\src\Illuminate\Foundation\Exceptions\Handler.php(815): Illuminate\Foundation\Exceptions\Handler->renderHttpException(Object(Symfony\Component\HttpKernel\Exception\HttpException))
#13 C:\xampp\htdocs\CODEPHP\vendor\laravel\framework\src\Illuminate\Foundation\Exceptions\Handler.php(706): Illuminate\Foundation\Exceptions\Handler->prepareResponse(Object(Illuminate\Http\Request), Object(Symfony\Component\HttpKernel\Exception\HttpException))
#14 C:\xampp\htdocs\CODEPHP\vendor\laravel\framework\src\Illuminate\Foundation\Exceptions\Handler.php(594): Illuminate\Foundation\Exceptions\Handler->renderExceptionResponse(Object(Illuminate\Http\Request), Object(Illuminate\Contracts\Container\BindingResolutionException))
#15 C:\xampp\htdocs\CODEPHP\vendor\laravel\framework\src\Illuminate\Foundation\Bootstrap\HandleExceptions.php(221): Illuminate\Foundation\Exceptions\Handler->render(Object(Illuminate\Http\Request), Object(Illuminate\Contracts\Container\BindingResolutionException))
#16 C:\xampp\htdocs\CODEPHP\vendor\laravel\framework\src\Illuminate\Foundation\Bootstrap\HandleExceptions.php(198): Illuminate\Foundation\Bootstrap\HandleExceptions->renderHttpResponse(Object(Illuminate\Contracts\Container\BindingResolutionException))
#17 C:\xampp\htdocs\CODEPHP\vendor\laravel\framework\src\Illuminate\Foundation\Bootstrap\HandleExceptions.php(258): Illuminate\Foundation\Bootstrap\HandleExceptions->handleException(Object(Illuminate\Contracts\Container\BindingResolutionException))
#18 [internal function]: Illuminate\Foundation\Bootstrap\HandleExceptions->Illuminate\Foundation\Bootstrap\{closure}(Object(Illuminate\Contracts\Container\BindingResolutionException))
#19 {main}

Next Illuminate\Contracts\Container\BindingResolutionException: Target class [view] does not exist. in C:\xampp\htdocs\CODEPHP\vendor\laravel\framework\src\Illuminate\Container\Container.php:961
Stack trace:
#0 C:\xampp\htdocs\CODEPHP\vendor\laravel\framework\src\Illuminate\Container\Container.php(832): Illuminate\Container\Container->build('view')
#1 C:\xampp\htdocs\CODEPHP\vendor\laravel\framework\src\Illuminate\Foundation\Application.php(1078): Illuminate\Container\Container->resolve('view', Array, true)
#2 C:\xampp\htdocs\CODEPHP\vendor\laravel\framework\src\Illuminate\Container\Container.php(763): Illuminate\Foundation\Application->resolve('view', Array)
#3 C:\xampp\htdocs\CODEPHP\vendor\laravel\framework\src\Illuminate\Foundation\Application.php(1058): Illuminate\Container\Container->make('view', Array)
#4 C:\xampp\htdocs\CODEPHP\vendor\laravel\framework\src\Illuminate\Container\Container.php(1580): Illuminate\Foundation\Application->make('view')
#5 C:\xampp\htdocs\CODEPHP\vendor\laravel\framework\src\Illuminate\Support\Facades\Facade.php(239): Illuminate\Container\Container->offsetGet('view')
#6 C:\xampp\htdocs\CODEPHP\vendor\laravel\framework\src\Illuminate\Support\Facades\Facade.php(210): Illuminate\Support\Facades\Facade::resolveFacadeInstance('view')
#7 C:\xampp\htdocs\CODEPHP\vendor\laravel\framework\src\Illuminate\Support\Facades\Facade.php(355): Illuminate\Support\Facades\Facade::getFacadeRoot()
#8 C:\xampp\htdocs\CODEPHP\vendor\laravel\framework\src\Illuminate\Foundation\Exceptions\RegisterErrorViewPaths.php(17): Illuminate\Support\Facades\Facade::__callStatic('replaceNamespac...', Array)
#9 C:\xampp\htdocs\CODEPHP\vendor\laravel\framework\src\Illuminate\Foundation\Exceptions\Handler.php(915): Illuminate\Foundation\Exceptions\RegisterErrorViewPaths->__invoke()
#10 C:\xampp\htdocs\CODEPHP\vendor\laravel\framework\src\Illuminate\Foundation\Exceptions\Handler.php(890): Illuminate\Foundation\Exceptions\Handler->registerErrorViewPaths()
#11 C:\xampp\htdocs\CODEPHP\vendor\laravel\framework\src\Illuminate\Foundation\Exceptions\Handler.php(815): Illuminate\Foundation\Exceptions\Handler->renderHttpException(Object(Symfony\Component\HttpKernel\Exception\HttpException))
#12 C:\xampp\htdocs\CODEPHP\vendor\laravel\framework\src\Illuminate\Foundation\Exceptions\Handler.php(706): Illuminate\Foundation\Exceptions\Handler->prepareResponse(Object(Illuminate\Http\Request), Object(Symfony\Component\HttpKernel\Exception\HttpException))
#13 C:\xampp\htdocs\CODEPHP\vendor\laravel\framework\src\Illuminate\Foundation\Exceptions\Handler.php(594): Illuminate\Foundation\Exceptions\Handler->renderExceptionResponse(Object(Illuminate\Http\Request), Object(Illuminate\Contracts\Container\BindingResolutionException))
#14 C:\xampp\htdocs\CODEPHP\vendor\laravel\framework\src\Illuminate\Foundation\Bootstrap\HandleExceptions.php(221): Illuminate\Foundation\Exceptions\Handler->render(Object(Illuminate\Http\Request), Object(Illuminate\Contracts\Container\BindingResolutionException))
#15 C:\xampp\htdocs\CODEPHP\vendor\laravel\framework\src\Illuminate\Foundation\Bootstrap\HandleExceptions.php(198): Illuminate\Foundation\Bootstrap\HandleExceptions->renderHttpResponse(Object(Illuminate\Contracts\Container\BindingResolutionException))
#16 C:\xampp\htdocs\CODEPHP\vendor\laravel\framework\src\Illuminate\Foundation\Bootstrap\HandleExceptions.php(258): Illuminate\Foundation\Bootstrap\HandleExceptions->handleException(Object(Illuminate\Contracts\Container\BindingResolutionException))
#17 [internal function]: Illuminate\Foundation\Bootstrap\HandleExceptions->Illuminate\Foundation\Bootstrap\{closure}(Object(Illuminate\Contracts\Container\BindingResolutionException))
#18 {main}
  thrown {"exception":"[object] (Symfony\\Component\\ErrorHandler\\Error\\FatalError(code: 0): Uncaught ReflectionException: Class \"view\" does not exist in C:\\xampp\\htdocs\\CODEPHP\\vendor\\laravel\\framework\\src\\Illuminate\\Container\\Container.php:959
Stack trace:
#0 C:\\xampp\\htdocs\\CODEPHP\\vendor\\laravel\\framework\\src\\Illuminate\\Container\\Container.php(959): ReflectionClass->__construct('view')
#1 C:\\xampp\\htdocs\\CODEPHP\\vendor\\laravel\\framework\\src\\Illuminate\\Container\\Container.php(832): Illuminate\\Container\\Container->build('view')
#2 C:\\xampp\\htdocs\\CODEPHP\\vendor\\laravel\\framework\\src\\Illuminate\\Foundation\\Application.php(1078): Illuminate\\Container\\Container->resolve('view', Array, true)
#3 C:\\xampp\\htdocs\\CODEPHP\\vendor\\laravel\\framework\\src\\Illuminate\\Container\\Container.php(763): Illuminate\\Foundation\\Application->resolve('view', Array)
#4 C:\\xampp\\htdocs\\CODEPHP\\vendor\\laravel\\framework\\src\\Illuminate\\Foundation\\Application.php(1058): Illuminate\\Container\\Container->make('view', Array)
#5 C:\\xampp\\htdocs\\CODEPHP\\vendor\\laravel\\framework\\src\\Illuminate\\Container\\Container.php(1580): Illuminate\\Foundation\\Application->make('view')
#6 C:\\xampp\\htdocs\\CODEPHP\\vendor\\laravel\\framework\\src\\Illuminate\\Support\\Facades\\Facade.php(239): Illuminate\\Container\\Container->offsetGet('view')
#7 C:\\xampp\\htdocs\\CODEPHP\\vendor\\laravel\\framework\\src\\Illuminate\\Support\\Facades\\Facade.php(210): Illuminate\\Support\\Facades\\Facade::resolveFacadeInstance('view')
#8 C:\\xampp\\htdocs\\CODEPHP\\vendor\\laravel\\framework\\src\\Illuminate\\Support\\Facades\\Facade.php(355): Illuminate\\Support\\Facades\\Facade::getFacadeRoot()
#9 C:\\xampp\\htdocs\\CODEPHP\\vendor\\laravel\\framework\\src\\Illuminate\\Foundation\\Exceptions\\RegisterErrorViewPaths.php(17): Illuminate\\Support\\Facades\\Facade::__callStatic('replaceNamespac...', Array)
#10 C:\\xampp\\htdocs\\CODEPHP\\vendor\\laravel\\framework\\src\\Illuminate\\Foundation\\Exceptions\\Handler.php(915): Illuminate\\Foundation\\Exceptions\\RegisterErrorViewPaths->__invoke()
#11 C:\\xampp\\htdocs\\CODEPHP\\vendor\\laravel\\framework\\src\\Illuminate\\Foundation\\Exceptions\\Handler.php(890): Illuminate\\Foundation\\Exceptions\\Handler->registerErrorViewPaths()
#12 C:\\xampp\\htdocs\\CODEPHP\\vendor\\laravel\\framework\\src\\Illuminate\\Foundation\\Exceptions\\Handler.php(815): Illuminate\\Foundation\\Exceptions\\Handler->renderHttpException(Object(Symfony\\Component\\HttpKernel\\Exception\\HttpException))
#13 C:\\xampp\\htdocs\\CODEPHP\\vendor\\laravel\\framework\\src\\Illuminate\\Foundation\\Exceptions\\Handler.php(706): Illuminate\\Foundation\\Exceptions\\Handler->prepareResponse(Object(Illuminate\\Http\\Request), Object(Symfony\\Component\\HttpKernel\\Exception\\HttpException))
#14 C:\\xampp\\htdocs\\CODEPHP\\vendor\\laravel\\framework\\src\\Illuminate\\Foundation\\Exceptions\\Handler.php(594): Illuminate\\Foundation\\Exceptions\\Handler->renderExceptionResponse(Object(Illuminate\\Http\\Request), Object(Illuminate\\Contracts\\Container\\BindingResolutionException))
#15 C:\\xampp\\htdocs\\CODEPHP\\vendor\\laravel\\framework\\src\\Illuminate\\Foundation\\Bootstrap\\HandleExceptions.php(221): Illuminate\\Foundation\\Exceptions\\Handler->render(Object(Illuminate\\Http\\Request), Object(Illuminate\\Contracts\\Container\\BindingResolutionException))
#16 C:\\xampp\\htdocs\\CODEPHP\\vendor\\laravel\\framework\\src\\Illuminate\\Foundation\\Bootstrap\\HandleExceptions.php(198): Illuminate\\Foundation\\Bootstrap\\HandleExceptions->renderHttpResponse(Object(Illuminate\\Contracts\\Container\\BindingResolutionException))
#17 C:\\xampp\\htdocs\\CODEPHP\\vendor\\laravel\\framework\\src\\Illuminate\\Foundation\\Bootstrap\\HandleExceptions.php(258): Illuminate\\Foundation\\Bootstrap\\HandleExceptions->handleException(Object(Illuminate\\Contracts\\Container\\BindingResolutionException))
#18 [internal function]: Illuminate\\Foundation\\Bootstrap\\HandleExceptions->Illuminate\\Foundation\\Bootstrap\\{closure}(Object(Illuminate\\Contracts\\Container\\BindingResolutionException))
#19 {main}

Next Illuminate\\Contracts\\Container\\BindingResolutionException: Target class [view] does not exist. in C:\\xampp\\htdocs\\CODEPHP\\vendor\\laravel\\framework\\src\\Illuminate\\Container\\Container.php:961
Stack trace:
#0 C:\\xampp\\htdocs\\CODEPHP\\vendor\\laravel\\framework\\src\\Illuminate\\Container\\Container.php(832): Illuminate\\Container\\Container->build('view')
#1 C:\\xampp\\htdocs\\CODEPHP\\vendor\\laravel\\framework\\src\\Illuminate\\Foundation\\Application.php(1078): Illuminate\\Container\\Container->resolve('view', Array, true)
#2 C:\\xampp\\htdocs\\CODEPHP\\vendor\\laravel\\framework\\src\\Illuminate\\Container\\Container.php(763): Illuminate\\Foundation\\Application->resolve('view', Array)
#3 C:\\xampp\\htdocs\\CODEPHP\\vendor\\laravel\\framework\\src\\Illuminate\\Foundation\\Application.php(1058): Illuminate\\Container\\Container->make('view', Array)
#4 C:\\xampp\\htdocs\\CODEPHP\\vendor\\laravel\\framework\\src\\Illuminate\\Container\\Container.php(1580): Illuminate\\Foundation\\Application->make('view')
#5 C:\\xampp\\htdocs\\CODEPHP\\vendor\\laravel\\framework\\src\\Illuminate\\Support\\Facades\\Facade.php(239): Illuminate\\Container\\Container->offsetGet('view')
#6 C:\\xampp\\htdocs\\CODEPHP\\vendor\\laravel\\framework\\src\\Illuminate\\Support\\Facades\\Facade.php(210): Illuminate\\Support\\Facades\\Facade::resolveFacadeInstance('view')
#7 C:\\xampp\\htdocs\\CODEPHP\\vendor\\laravel\\framework\\src\\Illuminate\\Support\\Facades\\Facade.php(355): Illuminate\\Support\\Facades\\Facade::getFacadeRoot()
#8 C:\\xampp\\htdocs\\CODEPHP\\vendor\\laravel\\framework\\src\\Illuminate\\Foundation\\Exceptions\\RegisterErrorViewPaths.php(17): Illuminate\\Support\\Facades\\Facade::__callStatic('replaceNamespac...', Array)
#9 C:\\xampp\\htdocs\\CODEPHP\\vendor\\laravel\\framework\\src\\Illuminate\\Foundation\\Exceptions\\Handler.php(915): Illuminate\\Foundation\\Exceptions\\RegisterErrorViewPaths->__invoke()
#10 C:\\xampp\\htdocs\\CODEPHP\\vendor\\laravel\\framework\\src\\Illuminate\\Foundation\\Exceptions\\Handler.php(890): Illuminate\\Foundation\\Exceptions\\Handler->registerErrorViewPaths()
#11 C:\\xampp\\htdocs\\CODEPHP\\vendor\\laravel\\framework\\src\\Illuminate\\Foundation\\Exceptions\\Handler.php(815): Illuminate\\Foundation\\Exceptions\\Handler->renderHttpException(Object(Symfony\\Component\\HttpKernel\\Exception\\HttpException))
#12 C:\\xampp\\htdocs\\CODEPHP\\vendor\\laravel\\framework\\src\\Illuminate\\Foundation\\Exceptions\\Handler.php(706): Illuminate\\Foundation\\Exceptions\\Handler->prepareResponse(Object(Illuminate\\Http\\Request), Object(Symfony\\Component\\HttpKernel\\Exception\\HttpException))
#13 C:\\xampp\\htdocs\\CODEPHP\\vendor\\laravel\\framework\\src\\Illuminate\\Foundation\\Exceptions\\Handler.php(594): Illuminate\\Foundation\\Exceptions\\Handler->renderExceptionResponse(Object(Illuminate\\Http\\Request), Object(Illuminate\\Contracts\\Container\\BindingResolutionException))
#14 C:\\xampp\\htdocs\\CODEPHP\\vendor\\laravel\\framework\\src\\Illuminate\\Foundation\\Bootstrap\\HandleExceptions.php(221): Illuminate\\Foundation\\Exceptions\\Handler->render(Object(Illuminate\\Http\\Request), Object(Illuminate\\Contracts\\Container\\BindingResolutionException))
#15 C:\\xampp\\htdocs\\CODEPHP\\vendor\\laravel\\framework\\src\\Illuminate\\Foundation\\Bootstrap\\HandleExceptions.php(198): Illuminate\\Foundation\\Bootstrap\\HandleExceptions->renderHttpResponse(Object(Illuminate\\Contracts\\Container\\BindingResolutionException))
#16 C:\\xampp\\htdocs\\CODEPHP\\vendor\\laravel\\framework\\src\\Illuminate\\Foundation\\Bootstrap\\HandleExceptions.php(258): Illuminate\\Foundation\\Bootstrap\\HandleExceptions->handleException(Object(Illuminate\\Contracts\\Container\\BindingResolutionException))
#17 [internal function]: Illuminate\\Foundation\\Bootstrap\\HandleExceptions->Illuminate\\Foundation\\Bootstrap\\{closure}(Object(Illuminate\\Contracts\\Container\\BindingResolutionException))
#18 {main}
  thrown at C:/xampp/htdocs/CODEPHP/vendor/laravel/framework/src/Illuminate/Container/Container.php:961)
[stacktrace]
#0 {main}
"} 
[2026-06-03 16:03:52] production.ERROR: The C:\xampp\htdocs\CODEPHP\bootstrap\cache directory must be present and writable. {"exception":"[object] (Exception(code: 0): The C:\\xampp\\htdocs\\CODEPHP\\bootstrap\\cache directory must be present and writable. at C:/xampp/htdocs/CODEPHP/vendor/laravel/framework/src/Illuminate/Foundation/PackageManifest.php:179)
[stacktrace]
#0 C:/xampp/htdocs/CODEPHP/vendor/laravel/framework/src/Illuminate/Foundation/PackageManifest.php(132): Illuminate/Foundation/PackageManifest->write(Array)
#1 C:/xampp/htdocs/CODEPHP/vendor/laravel/framework/src/Illuminate/Foundation/PackageManifest.php(108): Illuminate/Foundation/PackageManifest->build()
#2 C:/xampp/htdocs/CODEPHP/vendor/laravel/framework/src/Illuminate/Foundation/PackageManifest.php(91): Illuminate/Foundation/PackageManifest->getManifest()
#3 C:/xampp/htdocs/CODEPHP/vendor/laravel/framework/src/Illuminate/Foundation/PackageManifest.php(80): Illuminate/Foundation/PackageManifest->config('aliases')
#4 C:/xampp/htdocs/CODEPHP/vendor/laravel/framework/src/Illuminate/Foundation/Bootstrap/RegisterFacades.php(26): Illuminate/Foundation/PackageManifest->aliases()
#5 C:/xampp/htdocs/CODEPHP/vendor/laravel/framework/src/Illuminate/Foundation/Application.php(342): Illuminate/Foundation/Bootstrap/RegisterFacades->bootstrap(Object(Illuminate/Foundation/Application))
#6 C:/xampp/htdocs/CODEPHP/vendor/laravel/framework/src/Illuminate/Foundation/Http/Kernel.php(187): Illuminate/Foundation/Application->bootstrapWith(Array)
#7 C:/xampp/htdocs/CODEPHP/vendor/laravel/framework/src/Illuminate/Foundation/Http/Kernel.php(171): Illuminate/Foundation/Http/Kernel->bootstrap()
#8 C:/xampp/htdocs/CODEPHP/vendor/laravel/framework/src/Illuminate/Foundation/Http/Kernel.php(145): Illuminate/Foundation/Http/Kernel->sendRequestThroughRouter(Object(Illuminate/Http/Request))
#9 C:/xampp/htdocs/CODEPHP/vendor/laravel/framework/src/Illuminate/Foundation/Application.php(1220): Illuminate/Foundation/Http/Kernel->handle(Object(Illuminate/Http/Request))
#10 C:/xampp/htdocs/CODEPHP/public/index.php(17): Illuminate/Foundation/Application->handleRequest(Object(Illuminate/Http/Request))
#11 {main}
"} 
[2026-06-03 16:03:52] production.ERROR: Target class [view] does not exist. {"exception":"[object] (Illuminate\\Contracts\\Container\\BindingResolutionException(code: 0): Target class [view] does not exist. at C:/xampp/htdocs/CODEPHP/vendor/laravel/framework/src/Illuminate/Container/Container.php:961)
[stacktrace]
#0 C:/xampp/htdocs/CODEPHP/vendor/laravel/framework/src/Illuminate/Container/Container.php(832): Illuminate/Container/Container->build('view')
#1 C:/xampp/htdocs/CODEPHP/vendor/laravel/framework/src/Illuminate/Foundation/Application.php(1078): Illuminate/Container/Container->resolve('view', Array, true)
#2 C:/xampp/htdocs/CODEPHP/vendor/laravel/framework/src/Illuminate/Container/Container.php(763): Illuminate/Foundation/Application->resolve('view', Array)
#3 C:/xampp/htdocs/CODEPHP/vendor/laravel/framework/src/Illuminate/Foundation/Application.php(1058): Illuminate/Container/Container->make('view', Array)
#4 C:/xampp/htdocs/CODEPHP/vendor/laravel/framework/src/Illuminate/Container/Container.php(1580): Illuminate/Foundation/Application->make('view')
#5 C:/xampp/htdocs/CODEPHP/vendor/laravel/framework/src/Illuminate/Support/Facades/Facade.php(239): Illuminate/Container/Container->offsetGet('view')
#6 C:/xampp/htdocs/CODEPHP/vendor/laravel/framework/src/Illuminate/Support/Facades/Facade.php(210): Illuminate/Support/Facades/Facade::resolveFacadeInstance('view')
#7 C:/xampp/htdocs/CODEPHP/vendor/laravel/framework/src/Illuminate/Support/Facades/Facade.php(355): Illuminate/Support/Facades/Facade::getFacadeRoot()
#8 C:/xampp/htdocs/CODEPHP/vendor/laravel/framework/src/Illuminate/Foundation/Exceptions/RegisterErrorViewPaths.php(17): Illuminate/Support/Facades/Facade::__callStatic('replaceNamespac...', Array)
#9 C:/xampp/htdocs/CODEPHP/vendor/laravel/framework/src/Illuminate/Foundation/Exceptions/Handler.php(915): Illuminate/Foundation/Exceptions/RegisterErrorViewPaths->__invoke()
#10 C:/xampp/htdocs/CODEPHP/vendor/laravel/framework/src/Illuminate/Foundation/Exceptions/Handler.php(890): Illuminate/Foundation/Exceptions/Handler->registerErrorViewPaths()
#11 C:/xampp/htdocs/CODEPHP/vendor/laravel/framework/src/Illuminate/Foundation/Exceptions/Handler.php(815): Illuminate/Foundation/Exceptions/Handler->renderHttpException(Object(Symfony/Component/HttpKernel/Exception/HttpException))
#12 C:/xampp/htdocs/CODEPHP/vendor/laravel/framework/src/Illuminate/Foundation/Exceptions/Handler.php(706): Illuminate/Foundation/Exceptions/Handler->prepareResponse(Object(Illuminate/Http/Request), Object(Symfony/Component/HttpKernel/Exception/HttpException))
#13 C:/xampp/htdocs/CODEPHP/vendor/laravel/framework/src/Illuminate/Foundation/Exceptions/Handler.php(594): Illuminate/Foundation/Exceptions/Handler->renderExceptionResponse(Object(Illuminate/Http/Request), Object(Exception))
#14 C:/xampp/htdocs/CODEPHP/vendor/laravel/framework/src/Illuminate/Foundation/Http/Kernel.php(575): Illuminate/Foundation/Exceptions/Handler->render(Object(Illuminate/Http/Request), Object(Exception))
#15 C:/xampp/htdocs/CODEPHP/vendor/laravel/framework/src/Illuminate/Foundation/Http/Kernel.php(149): Illuminate/Foundation/Http/Kernel->renderException(Object(Illuminate/Http/Request), Object(Exception))
#16 C:/xampp/htdocs/CODEPHP/vendor/laravel/framework/src/Illuminate/Foundation/Application.php(1220): Illuminate/Foundation/Http/Kernel->handle(Object(Illuminate/Http/Request))
#17 C:/xampp/htdocs/CODEPHP/public/index.php(17): Illuminate/Foundation/Application->handleRequest(Object(Illuminate/Http/Request))
#18 {main}

[previous exception] [object] (ReflectionException(code: -1): Class \"view\" does not exist at C:/xampp/htdocs/CODEPHP/vendor/laravel/framework/src/Illuminate/Container/Container.php:959)
[stacktrace]
#0 C:/xampp/htdocs/CODEPHP/vendor/laravel/framework/src/Illuminate/Container/Container.php(959): ReflectionClass->__construct('view')
#1 C:/xampp/htdocs/CODEPHP/vendor/laravel/framework/src/Illuminate/Container/Container.php(832): Illuminate/Container/Container->build('view')
#2 C:/xampp/htdocs/CODEPHP/vendor/laravel/framework/src/Illuminate/Foundation/Application.php(1078): Illuminate/Container/Container->resolve('view', Array, true)
#3 C:/xampp/htdocs/CODEPHP/vendor/laravel/framework/src/Illuminate/Container/Container.php(763): Illuminate/Foundation/Application->resolve('view', Array)
#4 C:/xampp/htdocs/CODEPHP/vendor/laravel/framework/src/Illuminate/Foundation/Application.php(1058): Illuminate/Container/Container->make('view', Array)
#5 C:/xampp/htdocs/CODEPHP/vendor/laravel/framework/src/Illuminate/Container/Container.php(1580): Illuminate/Foundation/Application->make('view')
#6 C:/xampp/htdocs/CODEPHP/vendor/laravel/framework/src/Illuminate/Support/Facades/Facade.php(239): Illuminate/Container/Container->offsetGet('view')
#7 C:/xampp/htdocs/CODEPHP/vendor/laravel/framework/src/Illuminate/Support/Facades/Facade.php(210): Illuminate/Support/Facades/Facade::resolveFacadeInstance('view')
#8 C:/xampp/htdocs/CODEPHP/vendor/laravel/framework/src/Illuminate/Support/Facades/Facade.php(355): Illuminate/Support/Facades/Facade::getFacadeRoot()
#9 C:/xampp/htdocs/CODEPHP/vendor/laravel/framework/src/Illuminate/Foundation/Exceptions/RegisterErrorViewPaths.php(17): Illuminate/Support/Facades/Facade::__callStatic('replaceNamespac...', Array)
#10 C:/xampp/htdocs/CODEPHP/vendor/laravel/framework/src/Illuminate/Foundation/Exceptions/Handler.php(915): Illuminate/Foundation/Exceptions/RegisterErrorViewPaths->__invoke()
#11 C:/xampp/htdocs/CODEPHP/vendor/laravel/framework/src/Illuminate/Foundation/Exceptions/Handler.php(890): Illuminate/Foundation/Exceptions/Handler->registerErrorViewPaths()
#12 C:/xampp/htdocs/CODEPHP/vendor/laravel/framework/src/Illuminate/Foundation/Exceptions/Handler.php(815): Illuminate/Foundation/Exceptions/Handler->renderHttpException(Object(Symfony/Component/HttpKernel/Exception/HttpException))
#13 C:/xampp/htdocs/CODEPHP/vendor/laravel/framework/src/Illuminate/Foundation/Exceptions/Handler.php(706): Illuminate/Foundation/Exceptions/Handler->prepareResponse(Object(Illuminate/Http/Request), Object(Symfony/Component/HttpKernel/Exception/HttpException))
#14 C:/xampp/htdocs/CODEPHP/vendor/laravel/framework/src/Illuminate/Foundation/Exceptions/Handler.php(594): Illuminate/Foundation/Exceptions/Handler->renderExceptionResponse(Object(Illuminate/Http/Request), Object(Exception))
#15 C:/xampp/htdocs/CODEPHP/vendor/laravel/framework/src/Illuminate/Foundation/Http/Kernel.php(575): Illuminate/Foundation/Exceptions/Handler->render(Object(Illuminate/Http/Request), Object(Exception))
#16 C:/xampp/htdocs/CODEPHP/vendor/laravel/framework/src/Illuminate/Foundation/Http/Kernel.php(149): Illuminate/Foundation/Http/Kernel->renderException(Object(Illuminate/Http/Request), Object(Exception))
#17 C:/xampp/htdocs/CODEPHP/vendor/laravel/framework/src/Illuminate/Foundation/Application.php(1220): Illuminate/Foundation/Http/Kernel->handle(Object(Illuminate/Http/Request))
#18 C:/xampp/htdocs/CODEPHP/public/index.php(17): Illuminate/Foundation/Application->handleRequest(Object(Illuminate/Http/Request))
#19 {main}
"} 
[2026-06-03 16:03:52] production.ERROR: Uncaught ReflectionException: Class "view" does not exist in C:\xampp\htdocs\CODEPHP\vendor\laravel\framework\src\Illuminate\Container\Container.php:959
Stack trace:
#0 C:\xampp\htdocs\CODEPHP\vendor\laravel\framework\src\Illuminate\Container\Container.php(959): ReflectionClass->__construct('view')
#1 C:\xampp\htdocs\CODEPHP\vendor\laravel\framework\src\Illuminate\Container\Container.php(832): Illuminate\Container\Container->build('view')
#2 C:\xampp\htdocs\CODEPHP\vendor\laravel\framework\src\Illuminate\Foundation\Application.php(1078): Illuminate\Container\Container->resolve('view', Array, true)
#3 C:\xampp\htdocs\CODEPHP\vendor\laravel\framework\src\Illuminate\Container\Container.php(763): Illuminate\Foundation\Application->resolve('view', Array)
#4 C:\xampp\htdocs\CODEPHP\vendor\laravel\framework\src\Illuminate\Foundation\Application.php(1058): Illuminate\Container\Container->make('view', Array)
#5 C:\xampp\htdocs\CODEPHP\vendor\laravel\framework\src\Illuminate\Container\Container.php(1580): Illuminate\Foundation\Application->make('view')
#6 C:\xampp\htdocs\CODEPHP\vendor\laravel\framework\src\Illuminate\Support\Facades\Facade.php(239): Illuminate\Container\Container->offsetGet('view')
#7 C:\xampp\htdocs\CODEPHP\vendor\laravel\framework\src\Illuminate\Support\Facades\Facade.php(210): Illuminate\Support\Facades\Facade::resolveFacadeInstance('view')
#8 C:\xampp\htdocs\CODEPHP\vendor\laravel\framework\src\Illuminate\Support\Facades\Facade.php(355): Illuminate\Support\Facades\Facade::getFacadeRoot()
#9 C:\xampp\htdocs\CODEPHP\vendor\laravel\framework\src\Illuminate\Foundation\Exceptions\RegisterErrorViewPaths.php(17): Illuminate\Support\Facades\Facade::__callStatic('replaceNamespac...', Array)
#10 C:\xampp\htdocs\CODEPHP\vendor\laravel\framework\src\Illuminate\Foundation\Exceptions\Handler.php(915): Illuminate\Foundation\Exceptions\RegisterErrorViewPaths->__invoke()
#11 C:\xampp\htdocs\CODEPHP\vendor\laravel\framework\src\Illuminate\Foundation\Exceptions\Handler.php(890): Illuminate\Foundation\Exceptions\Handler->registerErrorViewPaths()
#12 C:\xampp\htdocs\CODEPHP\vendor\laravel\framework\src\Illuminate\Foundation\Exceptions\Handler.php(815): Illuminate\Foundation\Exceptions\Handler->renderHttpException(Object(Symfony\Component\HttpKernel\Exception\HttpException))
#13 C:\xampp\htdocs\CODEPHP\vendor\laravel\framework\src\Illuminate\Foundation\Exceptions\Handler.php(706): Illuminate\Foundation\Exceptions\Handler->prepareResponse(Object(Illuminate\Http\Request), Object(Symfony\Component\HttpKernel\Exception\HttpException))
#14 C:\xampp\htdocs\CODEPHP\vendor\laravel\framework\src\Illuminate\Foundation\Exceptions\Handler.php(594): Illuminate\Foundation\Exceptions\Handler->renderExceptionResponse(Object(Illuminate\Http\Request), Object(Illuminate\Contracts\Container\BindingResolutionException))
#15 C:\xampp\htdocs\CODEPHP\vendor\laravel\framework\src\Illuminate\Foundation\Bootstrap\HandleExceptions.php(221): Illuminate\Foundation\Exceptions\Handler->render(Object(Illuminate\Http\Request), Object(Illuminate\Contracts\Container\BindingResolutionException))
#16 C:\xampp\htdocs\CODEPHP\vendor\laravel\framework\src\Illuminate\Foundation\Bootstrap\HandleExceptions.php(198): Illuminate\Foundation\Bootstrap\HandleExceptions->renderHttpResponse(Object(Illuminate\Contracts\Container\BindingResolutionException))
#17 C:\xampp\htdocs\CODEPHP\vendor\laravel\framework\src\Illuminate\Foundation\Bootstrap\HandleExceptions.php(258): Illuminate\Foundation\Bootstrap\HandleExceptions->handleException(Object(Illuminate\Contracts\Container\BindingResolutionException))
#18 [internal function]: Illuminate\Foundation\Bootstrap\HandleExceptions->Illuminate\Foundation\Bootstrap\{closure}(Object(Illuminate\Contracts\Container\BindingResolutionException))
#19 {main}

Next Illuminate\Contracts\Container\BindingResolutionException: Target class [view] does not exist. in C:\xampp\htdocs\CODEPHP\vendor\laravel\framework\src\Illuminate\Container\Container.php:961
Stack trace:
#0 C:\xampp\htdocs\CODEPHP\vendor\laravel\framework\src\Illuminate\Container\Container.php(832): Illuminate\Container\Container->build('view')
#1 C:\xampp\htdocs\CODEPHP\vendor\laravel\framework\src\Illuminate\Foundation\Application.php(1078): Illuminate\Container\Container->resolve('view', Array, true)
#2 C:\xampp\htdocs\CODEPHP\vendor\laravel\framework\src\Illuminate\Container\Container.php(763): Illuminate\Foundation\Application->resolve('view', Array)
#3 C:\xampp\htdocs\CODEPHP\vendor\laravel\framework\src\Illuminate\Foundation\Application.php(1058): Illuminate\Container\Container->make('view', Array)
#4 C:\xampp\htdocs\CODEPHP\vendor\laravel\framework\src\Illuminate\Container\Container.php(1580): Illuminate\Foundation\Application->make('view')
#5 C:\xampp\htdocs\CODEPHP\vendor\laravel\framework\src\Illuminate\Support\Facades\Facade.php(239): Illuminate\Container\Container->offsetGet('view')
#6 C:\xampp\htdocs\CODEPHP\vendor\laravel\framework\src\Illuminate\Support\Facades\Facade.php(210): Illuminate\Support\Facades\Facade::resolveFacadeInstance('view')
#7 C:\xampp\htdocs\CODEPHP\vendor\laravel\framework\src\Illuminate\Support\Facades\Facade.php(355): Illuminate\Support\Facades\Facade::getFacadeRoot()
#8 C:\xampp\htdocs\CODEPHP\vendor\laravel\framework\src\Illuminate\Foundation\Exceptions\RegisterErrorViewPaths.php(17): Illuminate\Support\Facades\Facade::__callStatic('replaceNamespac...', Array)
#9 C:\xampp\htdocs\CODEPHP\vendor\laravel\framework\src\Illuminate\Foundation\Exceptions\Handler.php(915): Illuminate\Foundation\Exceptions\RegisterErrorViewPaths->__invoke()
#10 C:\xampp\htdocs\CODEPHP\vendor\laravel\framework\src\Illuminate\Foundation\Exceptions\Handler.php(890): Illuminate\Foundation\Exceptions\Handler->registerErrorViewPaths()
#11 C:\xampp\htdocs\CODEPHP\vendor\laravel\framework\src\Illuminate\Foundation\Exceptions\Handler.php(815): Illuminate\Foundation\Exceptions\Handler->renderHttpException(Object(Symfony\Component\HttpKernel\Exception\HttpException))
#12 C:\xampp\htdocs\CODEPHP\vendor\laravel\framework\src\Illuminate\Foundation\Exceptions\Handler.php(706): Illuminate\Foundation\Exceptions\Handler->prepareResponse(Object(Illuminate\Http\Request), Object(Symfony\Component\HttpKernel\Exception\HttpException))
#13 C:\xampp\htdocs\CODEPHP\vendor\laravel\framework\src\Illuminate\Foundation\Exceptions\Handler.php(594): Illuminate\Foundation\Exceptions\Handler->renderExceptionResponse(Object(Illuminate\Http\Request), Object(Illuminate\Contracts\Container\BindingResolutionException))
#14 C:\xampp\htdocs\CODEPHP\vendor\laravel\framework\src\Illuminate\Foundation\Bootstrap\HandleExceptions.php(221): Illuminate\Foundation\Exceptions\Handler->render(Object(Illuminate\Http\Request), Object(Illuminate\Contracts\Container\BindingResolutionException))
#15 C:\xampp\htdocs\CODEPHP\vendor\laravel\framework\src\Illuminate\Foundation\Bootstrap\HandleExceptions.php(198): Illuminate\Foundation\Bootstrap\HandleExceptions->renderHttpResponse(Object(Illuminate\Contracts\Container\BindingResolutionException))
#16 C:\xampp\htdocs\CODEPHP\vendor\laravel\framework\src\Illuminate\Foundation\Bootstrap\HandleExceptions.php(258): Illuminate\Foundation\Bootstrap\HandleExceptions->handleException(Object(Illuminate\Contracts\Container\BindingResolutionException))
#17 [internal function]: Illuminate\Foundation\Bootstrap\HandleExceptions->Illuminate\Foundation\Bootstrap\{closure}(Object(Illuminate\Contracts\Container\BindingResolutionException))
#18 {main}
  thrown {"exception":"[object] (Symfony\\Component\\ErrorHandler\\Error\\FatalError(code: 0): Uncaught ReflectionException: Class \"view\" does not exist in C:\\xampp\\htdocs\\CODEPHP\\vendor\\laravel\\framework\\src\\Illuminate\\Container\\Container.php:959
Stack trace:
#0 C:\\xampp\\htdocs\\CODEPHP\\vendor\\laravel\\framework\\src\\Illuminate\\Container\\Container.php(959): ReflectionClass->__construct('view')
#1 C:\\xampp\\htdocs\\CODEPHP\\vendor\\laravel\\framework\\src\\Illuminate\\Container\\Container.php(832): Illuminate\\Container\\Container->build('view')
#2 C:\\xampp\\htdocs\\CODEPHP\\vendor\\laravel\\framework\\src\\Illuminate\\Foundation\\Application.php(1078): Illuminate\\Container\\Container->resolve('view', Array, true)
#3 C:\\xampp\\htdocs\\CODEPHP\\vendor\\laravel\\framework\\src\\Illuminate\\Container\\Container.php(763): Illuminate\\Foundation\\Application->resolve('view', Array)
#4 C:\\xampp\\htdocs\\CODEPHP\\vendor\\laravel\\framework\\src\\Illuminate\\Foundation\\Application.php(1058): Illuminate\\Container\\Container->make('view', Array)
#5 C:\\xampp\\htdocs\\CODEPHP\\vendor\\laravel\\framework\\src\\Illuminate\\Container\\Container.php(1580): Illuminate\\Foundation\\Application->make('view')
#6 C:\\xampp\\htdocs\\CODEPHP\\vendor\\laravel\\framework\\src\\Illuminate\\Support\\Facades\\Facade.php(239): Illuminate\\Container\\Container->offsetGet('view')
#7 C:\\xampp\\htdocs\\CODEPHP\\vendor\\laravel\\framework\\src\\Illuminate\\Support\\Facades\\Facade.php(210): Illuminate\\Support\\Facades\\Facade::resolveFacadeInstance('view')
#8 C:\\xampp\\htdocs\\CODEPHP\\vendor\\laravel\\framework\\src\\Illuminate\\Support\\Facades\\Facade.php(355): Illuminate\\Support\\Facades\\Facade::getFacadeRoot()
#9 C:\\xampp\\htdocs\\CODEPHP\\vendor\\laravel\\framework\\src\\Illuminate\\Foundation\\Exceptions\\RegisterErrorViewPaths.php(17): Illuminate\\Support\\Facades\\Facade::__callStatic('replaceNamespac...', Array)
#10 C:\\xampp\\htdocs\\CODEPHP\\vendor\\laravel\\framework\\src\\Illuminate\\Foundation\\Exceptions\\Handler.php(915): Illuminate\\Foundation\\Exceptions\\RegisterErrorViewPaths->__invoke()
#11 C:\\xampp\\htdocs\\CODEPHP\\vendor\\laravel\\framework\\src\\Illuminate\\Foundation\\Exceptions\\Handler.php(890): Illuminate\\Foundation\\Exceptions\\Handler->registerErrorViewPaths()
#12 C:\\xampp\\htdocs\\CODEPHP\\vendor\\laravel\\framework\\src\\Illuminate\\Foundation\\Exceptions\\Handler.php(815): Illuminate\\Foundation\\Exceptions\\Handler->renderHttpException(Object(Symfony\\Component\\HttpKernel\\Exception\\HttpException))
#13 C:\\xampp\\htdocs\\CODEPHP\\vendor\\laravel\\framework\\src\\Illuminate\\Foundation\\Exceptions\\Handler.php(706): Illuminate\\Foundation\\Exceptions\\Handler->prepareResponse(Object(Illuminate\\Http\\Request), Object(Symfony\\Component\\HttpKernel\\Exception\\HttpException))
#14 C:\\xampp\\htdocs\\CODEPHP\\vendor\\laravel\\framework\\src\\Illuminate\\Foundation\\Exceptions\\Handler.php(594): Illuminate\\Foundation\\Exceptions\\Handler->renderExceptionResponse(Object(Illuminate\\Http\\Request), Object(Illuminate\\Contracts\\Container\\BindingResolutionException))
#15 C:\\xampp\\htdocs\\CODEPHP\\vendor\\laravel\\framework\\src\\Illuminate\\Foundation\\Bootstrap\\HandleExceptions.php(221): Illuminate\\Foundation\\Exceptions\\Handler->render(Object(Illuminate\\Http\\Request), Object(Illuminate\\Contracts\\Container\\BindingResolutionException))
#16 C:\\xampp\\htdocs\\CODEPHP\\vendor\\laravel\\framework\\src\\Illuminate\\Foundation\\Bootstrap\\HandleExceptions.php(198): Illuminate\\Foundation\\Bootstrap\\HandleExceptions->renderHttpResponse(Object(Illuminate\\Contracts\\Container\\BindingResolutionException))
#17 C:\\xampp\\htdocs\\CODEPHP\\vendor\\laravel\\framework\\src\\Illuminate\\Foundation\\Bootstrap\\HandleExceptions.php(258): Illuminate\\Foundation\\Bootstrap\\HandleExceptions->handleException(Object(Illuminate\\Contracts\\Container\\BindingResolutionException))
#18 [internal function]: Illuminate\\Foundation\\Bootstrap\\HandleExceptions->Illuminate\\Foundation\\Bootstrap\\{closure}(Object(Illuminate\\Contracts\\Container\\BindingResolutionException))
#19 {main}

Next Illuminate\\Contracts\\Container\\BindingResolutionException: Target class [view] does not exist. in C:\\xampp\\htdocs\\CODEPHP\\vendor\\laravel\\framework\\src\\Illuminate\\Container\\Container.php:961
Stack trace:
#0 C:\\xampp\\htdocs\\CODEPHP\\vendor\\laravel\\framework\\src\\Illuminate\\Container\\Container.php(832): Illuminate\\Container\\Container->build('view')
#1 C:\\xampp\\htdocs\\CODEPHP\\vendor\\laravel\\framework\\src\\Illuminate\\Foundation\\Application.php(1078): Illuminate\\Container\\Container->resolve('view', Array, true)
#2 C:\\xampp\\htdocs\\CODEPHP\\vendor\\laravel\\framework\\src\\Illuminate\\Container\\Container.php(763): Illuminate\\Foundation\\Application->resolve('view', Array)
#3 C:\\xampp\\htdocs\\CODEPHP\\vendor\\laravel\\framework\\src\\Illuminate\\Foundation\\Application.php(1058): Illuminate\\Container\\Container->make('view', Array)
#4 C:\\xampp\\htdocs\\CODEPHP\\vendor\\laravel\\framework\\src\\Illuminate\\Container\\Container.php(1580): Illuminate\\Foundation\\Application->make('view')
#5 C:\\xampp\\htdocs\\CODEPHP\\vendor\\laravel\\framework\\src\\Illuminate\\Support\\Facades\\Facade.php(239): Illuminate\\Container\\Container->offsetGet('view')
#6 C:\\xampp\\htdocs\\CODEPHP\\vendor\\laravel\\framework\\src\\Illuminate\\Support\\Facades\\Facade.php(210): Illuminate\\Support\\Facades\\Facade::resolveFacadeInstance('view')
#7 C:\\xampp\\htdocs\\CODEPHP\\vendor\\laravel\\framework\\src\\Illuminate\\Support\\Facades\\Facade.php(355): Illuminate\\Support\\Facades\\Facade::getFacadeRoot()
#8 C:\\xampp\\htdocs\\CODEPHP\\vendor\\laravel\\framework\\src\\Illuminate\\Foundation\\Exceptions\\RegisterErrorViewPaths.php(17): Illuminate\\Support\\Facades\\Facade::__callStatic('replaceNamespac...', Array)
#9 C:\\xampp\\htdocs\\CODEPHP\\vendor\\laravel\\framework\\src\\Illuminate\\Foundation\\Exceptions\\Handler.php(915): Illuminate\\Foundation\\Exceptions\\RegisterErrorViewPaths->__invoke()
#10 C:\\xampp\\htdocs\\CODEPHP\\vendor\\laravel\\framework\\src\\Illuminate\\Foundation\\Exceptions\\Handler.php(890): Illuminate\\Foundation\\Exceptions\\Handler->registerErrorViewPaths()
#11 C:\\xampp\\htdocs\\CODEPHP\\vendor\\laravel\\framework\\src\\Illuminate\\Foundation\\Exceptions\\Handler.php(815): Illuminate\\Foundation\\Exceptions\\Handler->renderHttpException(Object(Symfony\\Component\\HttpKernel\\Exception\\HttpException))
#12 C:\\xampp\\htdocs\\CODEPHP\\vendor\\laravel\\framework\\src\\Illuminate\\Foundation\\Exceptions\\Handler.php(706): Illuminate\\Foundation\\Exceptions\\Handler->prepareResponse(Object(Illuminate\\Http\\Request), Object(Symfony\\Component\\HttpKernel\\Exception\\HttpException))
#13 C:\\xampp\\htdocs\\CODEPHP\\vendor\\laravel\\framework\\src\\Illuminate\\Foundation\\Exceptions\\Handler.php(594): Illuminate\\Foundation\\Exceptions\\Handler->renderExceptionResponse(Object(Illuminate\\Http\\Request), Object(Illuminate\\Contracts\\Container\\BindingResolutionException))
#14 C:\\xampp\\htdocs\\CODEPHP\\vendor\\laravel\\framework\\src\\Illuminate\\Foundation\\Bootstrap\\HandleExceptions.php(221): Illuminate\\Foundation\\Exceptions\\Handler->render(Object(Illuminate\\Http\\Request), Object(Illuminate\\Contracts\\Container\\BindingResolutionException))
#15 C:\\xampp\\htdocs\\CODEPHP\\vendor\\laravel\\framework\\src\\Illuminate\\Foundation\\Bootstrap\\HandleExceptions.php(198): Illuminate\\Foundation\\Bootstrap\\HandleExceptions->renderHttpResponse(Object(Illuminate\\Contracts\\Container\\BindingResolutionException))
#16 C:\\xampp\\htdocs\\CODEPHP\\vendor\\laravel\\framework\\src\\Illuminate\\Foundation\\Bootstrap\\HandleExceptions.php(258): Illuminate\\Foundation\\Bootstrap\\HandleExceptions->handleException(Object(Illuminate\\Contracts\\Container\\BindingResolutionException))
#17 [internal function]: Illuminate\\Foundation\\Bootstrap\\HandleExceptions->Illuminate\\Foundation\\Bootstrap\\{closure}(Object(Illuminate\\Contracts\\Container\\BindingResolutionException))
#18 {main}
  thrown at C:/xampp/htdocs/CODEPHP/vendor/laravel/framework/src/Illuminate/Container/Container.php:961)
[stacktrace]
#0 {main}
"} 
[2026-06-03 16:03:52] production.ERROR: The C:\xampp\htdocs\CODEPHP\bootstrap\cache directory must be present and writable. {"exception":"[object] (Exception(code: 0): The C:\\xampp\\htdocs\\CODEPHP\\bootstrap\\cache directory must be present and writable. at C:/xampp/htdocs/CODEPHP/vendor/laravel/framework/src/Illuminate/Foundation/PackageManifest.php:179)
[stacktrace]
#0 C:/xampp/htdocs/CODEPHP/vendor/laravel/framework/src/Illuminate/Foundation/PackageManifest.php(132): Illuminate/Foundation/PackageManifest->write(Array)
#1 C:/xampp/htdocs/CODEPHP/vendor/laravel/framework/src/Illuminate/Foundation/PackageManifest.php(108): Illuminate/Foundation/PackageManifest->build()
#2 C:/xampp/htdocs/CODEPHP/vendor/laravel/framework/src/Illuminate/Foundation/PackageManifest.php(91): Illuminate/Foundation/PackageManifest->getManifest()
#3 C:/xampp/htdocs/CODEPHP/vendor/laravel/framework/src/Illuminate/Foundation/PackageManifest.php(80): Illuminate/Foundation/PackageManifest->config('aliases')
#4 C:/xampp/htdocs/CODEPHP/vendor/laravel/framework/src/Illuminate/Foundation/Bootstrap/RegisterFacades.php(26): Illuminate/Foundation/PackageManifest->aliases()
#5 C:/xampp/htdocs/CODEPHP/vendor/laravel/framework/src/Illuminate/Foundation/Application.php(342): Illuminate/Foundation/Bootstrap/RegisterFacades->bootstrap(Object(Illuminate/Foundation/Application))
#6 C:/xampp/htdocs/CODEPHP/vendor/laravel/framework/src/Illuminate/Foundation/Http/Kernel.php(187): Illuminate/Foundation/Application->bootstrapWith(Array)
#7 C:/xampp/htdocs/CODEPHP/vendor/laravel/framework/src/Illuminate/Foundation/Http/Kernel.php(171): Illuminate/Foundation/Http/Kernel->bootstrap()
#8 C:/xampp/htdocs/CODEPHP/vendor/laravel/framework/src/Illuminate/Foundation/Http/Kernel.php(145): Illuminate/Foundation/Http/Kernel->sendRequestThroughRouter(Object(Illuminate/Http/Request))
#9 C:/xampp/htdocs/CODEPHP/vendor/laravel/framework/src/Illuminate/Foundation/Application.php(1220): Illuminate/Foundation/Http/Kernel->handle(Object(Illuminate/Http/Request))
#10 C:/xampp/htdocs/CODEPHP/public/index.php(17): Illuminate/Foundation/Application->handleRequest(Object(Illuminate/Http/Request))
#11 {main}
"} 
[2026-06-03 16:03:52] production.ERROR: Target class [view] does not exist. {"exception":"[object] (Illuminate\\Contracts\\Container\\BindingResolutionException(code: 0): Target class [view] does not exist. at C:/xampp/htdocs/CODEPHP/vendor/laravel/framework/src/Illuminate/Container/Container.php:961)
[stacktrace]
#0 C:/xampp/htdocs/CODEPHP/vendor/laravel/framework/src/Illuminate/Container/Container.php(832): Illuminate/Container/Container->build('view')
#1 C:/xampp/htdocs/CODEPHP/vendor/laravel/framework/src/Illuminate/Foundation/Application.php(1078): Illuminate/Container/Container->resolve('view', Array, true)
#2 C:/xampp/htdocs/CODEPHP/vendor/laravel/framework/src/Illuminate/Container/Container.php(763): Illuminate/Foundation/Application->resolve('view', Array)
#3 C:/xampp/htdocs/CODEPHP/vendor/laravel/framework/src/Illuminate/Foundation/Application.php(1058): Illuminate/Container/Container->make('view', Array)
#4 C:/xampp/htdocs/CODEPHP/vendor/laravel/framework/src/Illuminate/Container/Container.php(1580): Illuminate/Foundation/Application->make('view')
#5 C:/xampp/htdocs/CODEPHP/vendor/laravel/framework/src/Illuminate/Support/Facades/Facade.php(239): Illuminate/Container/Container->offsetGet('view')
#6 C:/xampp/htdocs/CODEPHP/vendor/laravel/framework/src/Illuminate/Support/Facades/Facade.php(210): Illuminate/Support/Facades/Facade::resolveFacadeInstance('view')
#7 C:/xampp/htdocs/CODEPHP/vendor/laravel/framework/src/Illuminate/Support/Facades/Facade.php(355): Illuminate/Support/Facades/Facade::getFacadeRoot()
#8 C:/xampp/htdocs/CODEPHP/vendor/laravel/framework/src/Illuminate/Foundation/Exceptions/RegisterErrorViewPaths.php(17): Illuminate/Support/Facades/Facade::__callStatic('replaceNamespac...', Array)
#9 C:/xampp/htdocs/CODEPHP/vendor/laravel/framework/src/Illuminate/Foundation/Exceptions/Handler.php(915): Illuminate/Foundation/Exceptions/RegisterErrorViewPaths->__invoke()
#10 C:/xampp/htdocs/CODEPHP/vendor/laravel/framework/src/Illuminate/Foundation/Exceptions/Handler.php(890): Illuminate/Foundation/Exceptions/Handler->registerErrorViewPaths()
#11 C:/xampp/htdocs/CODEPHP/vendor/laravel/framework/src/Illuminate/Foundation/Exceptions/Handler.php(815): Illuminate/Foundation/Exceptions/Handler->renderHttpException(Object(Symfony/Component/HttpKernel/Exception/HttpException))
#12 C:/xampp/htdocs/CODEPHP/vendor/laravel/framework/src/Illuminate/Foundation/Exceptions/Handler.php(706): Illuminate/Foundation/Exceptions/Handler->prepareResponse(Object(Illuminate/Http/Request), Object(Symfony/Component/HttpKernel/Exception/HttpException))
#13 C:/xampp/htdocs/CODEPHP/vendor/laravel/framework/src/Illuminate/Foundation/Exceptions/Handler.php(594): Illuminate/Foundation/Exceptions/Handler->renderExceptionResponse(Object(Illuminate/Http/Request), Object(Exception))
#14 C:/xampp/htdocs/CODEPHP/vendor/laravel/framework/src/Illuminate/Foundation/Http/Kernel.php(575): Illuminate/Foundation/Exceptions/Handler->render(Object(Illuminate/Http/Request), Object(Exception))
#15 C:/xampp/htdocs/CODEPHP/vendor/laravel/framework/src/Illuminate/Foundation/Http/Kernel.php(149): Illuminate/Foundation/Http/Kernel->renderException(Object(Illuminate/Http/Request), Object(Exception))
#16 C:/xampp/htdocs/CODEPHP/vendor/laravel/framework/src/Illuminate/Foundation/Application.php(1220): Illuminate/Foundation/Http/Kernel->handle(Object(Illuminate/Http/Request))
#17 C:/xampp/htdocs/CODEPHP/public/index.php(17): Illuminate/Foundation/Application->handleRequest(Object(Illuminate/Http/Request))
#18 {main}

[previous exception] [object] (ReflectionException(code: -1): Class \"view\" does not exist at C:/xampp/htdocs/CODEPHP/vendor/laravel/framework/src/Illuminate/Container/Container.php:959)
[stacktrace]
#0 C:/xampp/htdocs/CODEPHP/vendor/laravel/framework/src/Illuminate/Container/Container.php(959): ReflectionClass->__construct('view')
#1 C:/xampp/htdocs/CODEPHP/vendor/laravel/framework/src/Illuminate/Container/Container.php(832): Illuminate/Container/Container->build('view')
#2 C:/xampp/htdocs/CODEPHP/vendor/laravel/framework/src/Illuminate/Foundation/Application.php(1078): Illuminate/Container/Container->resolve('view', Array, true)
#3 C:/xampp/htdocs/CODEPHP/vendor/laravel/framework/src/Illuminate/Container/Container.php(763): Illuminate/Foundation/Application->resolve('view', Array)
#4 C:/xampp/htdocs/CODEPHP/vendor/laravel/framework/src/Illuminate/Foundation/Application.php(1058): Illuminate/Container/Container->make('view', Array)
#5 C:/xampp/htdocs/CODEPHP/vendor/laravel/framework/src/Illuminate/Container/Container.php(1580): Illuminate/Foundation/Application->make('view')
#6 C:/xampp/htdocs/CODEPHP/vendor/laravel/framework/src/Illuminate/Support/Facades/Facade.php(239): Illuminate/Container/Container->offsetGet('view')
#7 C:/xampp/htdocs/CODEPHP/vendor/laravel/framework/src/Illuminate/Support/Facades/Facade.php(210): Illuminate/Support/Facades/Facade::resolveFacadeInstance('view')
#8 C:/xampp/htdocs/CODEPHP/vendor/laravel/framework/src/Illuminate/Support/Facades/Facade.php(355): Illuminate/Support/Facades/Facade::getFacadeRoot()
#9 C:/xampp/htdocs/CODEPHP/vendor/laravel/framework/src/Illuminate/Foundation/Exceptions/RegisterErrorViewPaths.php(17): Illuminate/Support/Facades/Facade::__callStatic('replaceNamespac...', Array)
#10 C:/xampp/htdocs/CODEPHP/vendor/laravel/framework/src/Illuminate/Foundation/Exceptions/Handler.php(915): Illuminate/Foundation/Exceptions/RegisterErrorViewPaths->__invoke()
#11 C:/xampp/htdocs/CODEPHP/vendor/laravel/framework/src/Illuminate/Foundation/Exceptions/Handler.php(890): Illuminate/Foundation/Exceptions/Handler->registerErrorViewPaths()
#12 C:/xampp/htdocs/CODEPHP/vendor/laravel/framework/src/Illuminate/Foundation/Exceptions/Handler.php(815): Illuminate/Foundation/Exceptions/Handler->renderHttpException(Object(Symfony/Component/HttpKernel/Exception/HttpException))
#13 C:/xampp/htdocs/CODEPHP/vendor/laravel/framework/src/Illuminate/Foundation/Exceptions/Handler.php(706): Illuminate/Foundation/Exceptions/Handler->prepareResponse(Object(Illuminate/Http/Request), Object(Symfony/Component/HttpKernel/Exception/HttpException))
#14 C:/xampp/htdocs/CODEPHP/vendor/laravel/framework/src/Illuminate/Foundation/Exceptions/Handler.php(594): Illuminate/Foundation/Exceptions/Handler->renderExceptionResponse(Object(Illuminate/Http/Request), Object(Exception))
#15 C:/xampp/htdocs/CODEPHP/vendor/laravel/framework/src/Illuminate/Foundation/Http/Kernel.php(575): Illuminate/Foundation/Exceptions/Handler->render(Object(Illuminate/Http/Request), Object(Exception))
#16 C:/xampp/htdocs/CODEPHP/vendor/laravel/framework/src/Illuminate/Foundation/Http/Kernel.php(149): Illuminate/Foundation/Http/Kernel->renderException(Object(Illuminate/Http/Request), Object(Exception))
#17 C:/xampp/htdocs/CODEPHP/vendor/laravel/framework/src/Illuminate/Foundation/Application.php(1220): Illuminate/Foundation/Http/Kernel->handle(Object(Illuminate/Http/Request))
#18 C:/xampp/htdocs/CODEPHP/public/index.php(17): Illuminate/Foundation/Application->handleRequest(Object(Illuminate/Http/Request))
#19 {main}
"} 
[2026-06-03 16:03:52] production.ERROR: Uncaught ReflectionException: Class "view" does not exist in C:\xampp\htdocs\CODEPHP\vendor\laravel\framework\src\Illuminate\Container\Container.php:959
Stack trace:
#0 C:\xampp\htdocs\CODEPHP\vendor\laravel\framework\src\Illuminate\Container\Container.php(959): ReflectionClass->__construct('view')
#1 C:\xampp\htdocs\CODEPHP\vendor\laravel\framework\src\Illuminate\Container\Container.php(832): Illuminate\Container\Container->build('view')
#2 C:\xampp\htdocs\CODEPHP\vendor\laravel\framework\src\Illuminate\Foundation\Application.php(1078): Illuminate\Container\Container->resolve('view', Array, true)
#3 C:\xampp\htdocs\CODEPHP\vendor\laravel\framework\src\Illuminate\Container\Container.php(763): Illuminate\Foundation\Application->resolve('view', Array)
#4 C:\xampp\htdocs\CODEPHP\vendor\laravel\framework\src\Illuminate\Foundation\Application.php(1058): Illuminate\Container\Container->make('view', Array)
#5 C:\xampp\htdocs\CODEPHP\vendor\laravel\framework\src\Illuminate\Container\Container.php(1580): Illuminate\Foundation\Application->make('view')
#6 C:\xampp\htdocs\CODEPHP\vendor\laravel\framework\src\Illuminate\Support\Facades\Facade.php(239): Illuminate\Container\Container->offsetGet('view')
#7 C:\xampp\htdocs\CODEPHP\vendor\laravel\framework\src\Illuminate\Support\Facades\Facade.php(210): Illuminate\Support\Facades\Facade::resolveFacadeInstance('view')
#8 C:\xampp\htdocs\CODEPHP\vendor\laravel\framework\src\Illuminate\Support\Facades\Facade.php(355): Illuminate\Support\Facades\Facade::getFacadeRoot()
#9 C:\xampp\htdocs\CODEPHP\vendor\laravel\framework\src\Illuminate\Foundation\Exceptions\RegisterErrorViewPaths.php(17): Illuminate\Support\Facades\Facade::__callStatic('replaceNamespac...', Array)
#10 C:\xampp\htdocs\CODEPHP\vendor\laravel\framework\src\Illuminate\Foundation\Exceptions\Handler.php(915): Illuminate\Foundation\Exceptions\RegisterErrorViewPaths->__invoke()
#11 C:\xampp\htdocs\CODEPHP\vendor\laravel\framework\src\Illuminate\Foundation\Exceptions\Handler.php(890): Illuminate\Foundation\Exceptions\Handler->registerErrorViewPaths()
#12 C:\xampp\htdocs\CODEPHP\vendor\laravel\framework\src\Illuminate\Foundation\Exceptions\Handler.php(815): Illuminate\Foundation\Exceptions\Handler->renderHttpException(Object(Symfony\Component\HttpKernel\Exception\HttpException))
#13 C:\xampp\htdocs\CODEPHP\vendor\laravel\framework\src\Illuminate\Foundation\Exceptions\Handler.php(706): Illuminate\Foundation\Exceptions\Handler->prepareResponse(Object(Illuminate\Http\Request), Object(Symfony\Component\HttpKernel\Exception\HttpException))
#14 C:\xampp\htdocs\CODEPHP\vendor\laravel\framework\src\Illuminate\Foundation\Exceptions\Handler.php(594): Illuminate\Foundation\Exceptions\Handler->renderExceptionResponse(Object(Illuminate\Http\Request), Object(Illuminate\Contracts\Container\BindingResolutionException))
#15 C:\xampp\htdocs\CODEPHP\vendor\laravel\framework\src\Illuminate\Foundation\Bootstrap\HandleExceptions.php(221): Illuminate\Foundation\Exceptions\Handler->render(Object(Illuminate\Http\Request), Object(Illuminate\Contracts\Container\BindingResolutionException))
#16 C:\xampp\htdocs\CODEPHP\vendor\laravel\framework\src\Illuminate\Foundation\Bootstrap\HandleExceptions.php(198): Illuminate\Foundation\Bootstrap\HandleExceptions->renderHttpResponse(Object(Illuminate\Contracts\Container\BindingResolutionException))
#17 C:\xampp\htdocs\CODEPHP\vendor\laravel\framework\src\Illuminate\Foundation\Bootstrap\HandleExceptions.php(258): Illuminate\Foundation\Bootstrap\HandleExceptions->handleException(Object(Illuminate\Contracts\Container\BindingResolutionException))
#18 [internal function]: Illuminate\Foundation\Bootstrap\HandleExceptions->Illuminate\Foundation\Bootstrap\{closure}(Object(Illuminate\Contracts\Container\BindingResolutionException))
#19 {main}

Next Illuminate\Contracts\Container\BindingResolutionException: Target class [view] does not exist. in C:\xampp\htdocs\CODEPHP\vendor\laravel\framework\src\Illuminate\Container\Container.php:961
Stack trace:
#0 C:\xampp\htdocs\CODEPHP\vendor\laravel\framework\src\Illuminate\Container\Container.php(832): Illuminate\Container\Container->build('view')
#1 C:\xampp\htdocs\CODEPHP\vendor\laravel\framework\src\Illuminate\Foundation\Application.php(1078): Illuminate\Container\Container->resolve('view', Array, true)
#2 C:\xampp\htdocs\CODEPHP\vendor\laravel\framework\src\Illuminate\Container\Container.php(763): Illuminate\Foundation\Application->resolve('view', Array)
#3 C:\xampp\htdocs\CODEPHP\vendor\laravel\framework\src\Illuminate\Foundation\Application.php(1058): Illuminate\Container\Container->make('view', Array)
#4 C:\xampp\htdocs\CODEPHP\vendor\laravel\framework\src\Illuminate\Container\Container.php(1580): Illuminate\Foundation\Application->make('view')
#5 C:\xampp\htdocs\CODEPHP\vendor\laravel\framework\src\Illuminate\Support\Facades\Facade.php(239): Illuminate\Container\Container->offsetGet('view')
#6 C:\xampp\htdocs\CODEPHP\vendor\laravel\framework\src\Illuminate\Support\Facades\Facade.php(210): Illuminate\Support\Facades\Facade::resolveFacadeInstance('view')
#7 C:\xampp\htdocs\CODEPHP\vendor\laravel\framework\src\Illuminate\Support\Facades\Facade.php(355): Illuminate\Support\Facades\Facade::getFacadeRoot()
#8 C:\xampp\htdocs\CODEPHP\vendor\laravel\framework\src\Illuminate\Foundation\Exceptions\RegisterErrorViewPaths.php(17): Illuminate\Support\Facades\Facade::__callStatic('replaceNamespac...', Array)
#9 C:\xampp\htdocs\CODEPHP\vendor\laravel\framework\src\Illuminate\Foundation\Exceptions\Handler.php(915): Illuminate\Foundation\Exceptions\RegisterErrorViewPaths->__invoke()
#10 C:\xampp\htdocs\CODEPHP\vendor\laravel\framework\src\Illuminate\Foundation\Exceptions\Handler.php(890): Illuminate\Foundation\Exceptions\Handler->registerErrorViewPaths()
#11 C:\xampp\htdocs\CODEPHP\vendor\laravel\framework\src\Illuminate\Foundation\Exceptions\Handler.php(815): Illuminate\Foundation\Exceptions\Handler->renderHttpException(Object(Symfony\Component\HttpKernel\Exception\HttpException))
#12 C:\xampp\htdocs\CODEPHP\vendor\laravel\framework\src\Illuminate\Foundation\Exceptions\Handler.php(706): Illuminate\Foundation\Exceptions\Handler->prepareResponse(Object(Illuminate\Http\Request), Object(Symfony\Component\HttpKernel\Exception\HttpException))
#13 C:\xampp\htdocs\CODEPHP\vendor\laravel\framework\src\Illuminate\Foundation\Exceptions\Handler.php(594): Illuminate\Foundation\Exceptions\Handler->renderExceptionResponse(Object(Illuminate\Http\Request), Object(Illuminate\Contracts\Container\BindingResolutionException))
#14 C:\xampp\htdocs\CODEPHP\vendor\laravel\framework\src\Illuminate\Foundation\Bootstrap\HandleExceptions.php(221): Illuminate\Foundation\Exceptions\Handler->render(Object(Illuminate\Http\Request), Object(Illuminate\Contracts\Container\BindingResolutionException))
#15 C:\xampp\htdocs\CODEPHP\vendor\laravel\framework\src\Illuminate\Foundation\Bootstrap\HandleExceptions.php(198): Illuminate\Foundation\Bootstrap\HandleExceptions->renderHttpResponse(Object(Illuminate\Contracts\Container\BindingResolutionException))
#16 C:\xampp\htdocs\CODEPHP\vendor\laravel\framework\src\Illuminate\Foundation\Bootstrap\HandleExceptions.php(258): Illuminate\Foundation\Bootstrap\HandleExceptions->handleException(Object(Illuminate\Contracts\Container\BindingResolutionException))
#17 [internal function]: Illuminate\Foundation\Bootstrap\HandleExceptions->Illuminate\Foundation\Bootstrap\{closure}(Object(Illuminate\Contracts\Container\BindingResolutionException))
#18 {main}
  thrown {"exception":"[object] (Symfony\\Component\\ErrorHandler\\Error\\FatalError(code: 0): Uncaught ReflectionException: Class \"view\" does not exist in C:\\xampp\\htdocs\\CODEPHP\\vendor\\laravel\\framework\\src\\Illuminate\\Container\\Container.php:959
Stack trace:
#0 C:\\xampp\\htdocs\\CODEPHP\\vendor\\laravel\\framework\\src\\Illuminate\\Container\\Container.php(959): ReflectionClass->__construct('view')
#1 C:\\xampp\\htdocs\\CODEPHP\\vendor\\laravel\\framework\\src\\Illuminate\\Container\\Container.php(832): Illuminate\\Container\\Container->build('view')
#2 C:\\xampp\\htdocs\\CODEPHP\\vendor\\laravel\\framework\\src\\Illuminate\\Foundation\\Application.php(1078): Illuminate\\Container\\Container->resolve('view', Array, true)
#3 C:\\xampp\\htdocs\\CODEPHP\\vendor\\laravel\\framework\\src\\Illuminate\\Container\\Container.php(763): Illuminate\\Foundation\\Application->resolve('view', Array)
#4 C:\\xampp\\htdocs\\CODEPHP\\vendor\\laravel\\framework\\src\\Illuminate\\Foundation\\Application.php(1058): Illuminate\\Container\\Container->make('view', Array)
#5 C:\\xampp\\htdocs\\CODEPHP\\vendor\\laravel\\framework\\src\\Illuminate\\Container\\Container.php(1580): Illuminate\\Foundation\\Application->make('view')
#6 C:\\xampp\\htdocs\\CODEPHP\\vendor\\laravel\\framework\\src\\Illuminate\\Support\\Facades\\Facade.php(239): Illuminate\\Container\\Container->offsetGet('view')
#7 C:\\xampp\\htdocs\\CODEPHP\\vendor\\laravel\\framework\\src\\Illuminate\\Support\\Facades\\Facade.php(210): Illuminate\\Support\\Facades\\Facade::resolveFacadeInstance('view')
#8 C:\\xampp\\htdocs\\CODEPHP\\vendor\\laravel\\framework\\src\\Illuminate\\Support\\Facades\\Facade.php(355): Illuminate\\Support\\Facades\\Facade::getFacadeRoot()
#9 C:\\xampp\\htdocs\\CODEPHP\\vendor\\laravel\\framework\\src\\Illuminate\\Foundation\\Exceptions\\RegisterErrorViewPaths.php(17): Illuminate\\Support\\Facades\\Facade::__callStatic('replaceNamespac...', Array)
#10 C:\\xampp\\htdocs\\CODEPHP\\vendor\\laravel\\framework\\src\\Illuminate\\Foundation\\Exceptions\\Handler.php(915): Illuminate\\Foundation\\Exceptions\\RegisterErrorViewPaths->__invoke()
#11 C:\\xampp\\htdocs\\CODEPHP\\vendor\\laravel\\framework\\src\\Illuminate\\Foundation\\Exceptions\\Handler.php(890): Illuminate\\Foundation\\Exceptions\\Handler->registerErrorViewPaths()
#12 C:\\xampp\\htdocs\\CODEPHP\\vendor\\laravel\\framework\\src\\Illuminate\\Foundation\\Exceptions\\Handler.php(815): Illuminate\\Foundation\\Exceptions\\Handler->renderHttpException(Object(Symfony\\Component\\HttpKernel\\Exception\\HttpException))
#13 C:\\xampp\\htdocs\\CODEPHP\\vendor\\laravel\\framework\\src\\Illuminate\\Foundation\\Exceptions\\Handler.php(706): Illuminate\\Foundation\\Exceptions\\Handler->prepareResponse(Object(Illuminate\\Http\\Request), Object(Symfony\\Component\\HttpKernel\\Exception\\HttpException))
#14 C:\\xampp\\htdocs\\CODEPHP\\vendor\\laravel\\framework\\src\\Illuminate\\Foundation\\Exceptions\\Handler.php(594): Illuminate\\Foundation\\Exceptions\\Handler->renderExceptionResponse(Object(Illuminate\\Http\\Request), Object(Illuminate\\Contracts\\Container\\BindingResolutionException))
#15 C:\\xampp\\htdocs\\CODEPHP\\vendor\\laravel\\framework\\src\\Illuminate\\Foundation\\Bootstrap\\HandleExceptions.php(221): Illuminate\\Foundation\\Exceptions\\Handler->render(Object(Illuminate\\Http\\Request), Object(Illuminate\\Contracts\\Container\\BindingResolutionException))
#16 C:\\xampp\\htdocs\\CODEPHP\\vendor\\laravel\\framework\\src\\Illuminate\\Foundation\\Bootstrap\\HandleExceptions.php(198): Illuminate\\Foundation\\Bootstrap\\HandleExceptions->renderHttpResponse(Object(Illuminate\\Contracts\\Container\\BindingResolutionException))
#17 C:\\xampp\\htdocs\\CODEPHP\\vendor\\laravel\\framework\\src\\Illuminate\\Foundation\\Bootstrap\\HandleExceptions.php(258): Illuminate\\Foundation\\Bootstrap\\HandleExceptions->handleException(Object(Illuminate\\Contracts\\Container\\BindingResolutionException))
#18 [internal function]: Illuminate\\Foundation\\Bootstrap\\HandleExceptions->Illuminate\\Foundation\\Bootstrap\\{closure}(Object(Illuminate\\Contracts\\Container\\BindingResolutionException))
#19 {main}

Next Illuminate\\Contracts\\Container\\BindingResolutionException: Target class [view] does not exist. in C:\\xampp\\htdocs\\CODEPHP\\vendor\\laravel\\framework\\src\\Illuminate\\Container\\Container.php:961
Stack trace:
#0 C:\\xampp\\htdocs\\CODEPHP\\vendor\\laravel\\framework\\src\\Illuminate\\Container\\Container.php(832): Illuminate\\Container\\Container->build('view')
#1 C:\\xampp\\htdocs\\CODEPHP\\vendor\\laravel\\framework\\src\\Illuminate\\Foundation\\Application.php(1078): Illuminate\\Container\\Container->resolve('view', Array, true)
#2 C:\\xampp\\htdocs\\CODEPHP\\vendor\\laravel\\framework\\src\\Illuminate\\Container\\Container.php(763): Illuminate\\Foundation\\Application->resolve('view', Array)
#3 C:\\xampp\\htdocs\\CODEPHP\\vendor\\laravel\\framework\\src\\Illuminate\\Foundation\\Application.php(1058): Illuminate\\Container\\Container->make('view', Array)
#4 C:\\xampp\\htdocs\\CODEPHP\\vendor\\laravel\\framework\\src\\Illuminate\\Container\\Container.php(1580): Illuminate\\Foundation\\Application->make('view')
#5 C:\\xampp\\htdocs\\CODEPHP\\vendor\\laravel\\framework\\src\\Illuminate\\Support\\Facades\\Facade.php(239): Illuminate\\Container\\Container->offsetGet('view')
#6 C:\\xampp\\htdocs\\CODEPHP\\vendor\\laravel\\framework\\src\\Illuminate\\Support\\Facades\\Facade.php(210): Illuminate\\Support\\Facades\\Facade::resolveFacadeInstance('view')
#7 C:\\xampp\\htdocs\\CODEPHP\\vendor\\laravel\\framework\\src\\Illuminate\\Support\\Facades\\Facade.php(355): Illuminate\\Support\\Facades\\Facade::getFacadeRoot()
#8 C:\\xampp\\htdocs\\CODEPHP\\vendor\\laravel\\framework\\src\\Illuminate\\Foundation\\Exceptions\\RegisterErrorViewPaths.php(17): Illuminate\\Support\\Facades\\Facade::__callStatic('replaceNamespac...', Array)
#9 C:\\xampp\\htdocs\\CODEPHP\\vendor\\laravel\\framework\\src\\Illuminate\\Foundation\\Exceptions\\Handler.php(915): Illuminate\\Foundation\\Exceptions\\RegisterErrorViewPaths->__invoke()
#10 C:\\xampp\\htdocs\\CODEPHP\\vendor\\laravel\\framework\\src\\Illuminate\\Foundation\\Exceptions\\Handler.php(890): Illuminate\\Foundation\\Exceptions\\Handler->registerErrorViewPaths()
#11 C:\\xampp\\htdocs\\CODEPHP\\vendor\\laravel\\framework\\src\\Illuminate\\Foundation\\Exceptions\\Handler.php(815): Illuminate\\Foundation\\Exceptions\\Handler->renderHttpException(Object(Symfony\\Component\\HttpKernel\\Exception\\HttpException))
#12 C:\\xampp\\htdocs\\CODEPHP\\vendor\\laravel\\framework\\src\\Illuminate\\Foundation\\Exceptions\\Handler.php(706): Illuminate\\Foundation\\Exceptions\\Handler->prepareResponse(Object(Illuminate\\Http\\Request), Object(Symfony\\Component\\HttpKernel\\Exception\\HttpException))
#13 C:\\xampp\\htdocs\\CODEPHP\\vendor\\laravel\\framework\\src\\Illuminate\\Foundation\\Exceptions\\Handler.php(594): Illuminate\\Foundation\\Exceptions\\Handler->renderExceptionResponse(Object(Illuminate\\Http\\Request), Object(Illuminate\\Contracts\\Container\\BindingResolutionException))
#14 C:\\xampp\\htdocs\\CODEPHP\\vendor\\laravel\\framework\\src\\Illuminate\\Foundation\\Bootstrap\\HandleExceptions.php(221): Illuminate\\Foundation\\Exceptions\\Handler->render(Object(Illuminate\\Http\\Request), Object(Illuminate\\Contracts\\Container\\BindingResolutionException))
#15 C:\\xampp\\htdocs\\CODEPHP\\vendor\\laravel\\framework\\src\\Illuminate\\Foundation\\Bootstrap\\HandleExceptions.php(198): Illuminate\\Foundation\\Bootstrap\\HandleExceptions->renderHttpResponse(Object(Illuminate\\Contracts\\Container\\BindingResolutionException))
#16 C:\\xampp\\htdocs\\CODEPHP\\vendor\\laravel\\framework\\src\\Illuminate\\Foundation\\Bootstrap\\HandleExceptions.php(258): Illuminate\\Foundation\\Bootstrap\\HandleExceptions->handleException(Object(Illuminate\\Contracts\\Container\\BindingResolutionException))
#17 [internal function]: Illuminate\\Foundation\\Bootstrap\\HandleExceptions->Illuminate\\Foundation\\Bootstrap\\{closure}(Object(Illuminate\\Contracts\\Container\\BindingResolutionException))
#18 {main}
  thrown at C:/xampp/htdocs/CODEPHP/vendor/laravel/framework/src/Illuminate/Container/Container.php:961)
[stacktrace]
#0 {main}
"} 
[2026-06-03 23:20:47] local.ERROR: The C:\xampp\htdocs\CODEPHP\bootstrap\cache directory must be present and writable. {"exception":"[object] (Exception(code: 0): The C:\\xampp\\htdocs\\CODEPHP\\bootstrap\\cache directory must be present and writable. at C:/xampp/htdocs/CODEPHP/vendor/laravel/framework/src/Illuminate/Foundation/PackageManifest.php:179)
[stacktrace]
#0 C:/xampp/htdocs/CODEPHP/vendor/laravel/framework/src/Illuminate/Foundation/PackageManifest.php(132): Illuminate/Foundation/PackageManifest->write(Array)
#1 C:/xampp/htdocs/CODEPHP/vendor/laravel/framework/src/Illuminate/Foundation/PackageManifest.php(108): Illuminate/Foundation/PackageManifest->build()
#2 C:/xampp/htdocs/CODEPHP/vendor/laravel/framework/src/Illuminate/Foundation/PackageManifest.php(91): Illuminate/Foundation/PackageManifest->getManifest()
#3 C:/xampp/htdocs/CODEPHP/vendor/laravel/framework/src/Illuminate/Foundation/PackageManifest.php(80): Illuminate/Foundation/PackageManifest->config('aliases')
#4 C:/xampp/htdocs/CODEPHP/vendor/laravel/framework/src/Illuminate/Foundation/Bootstrap/RegisterFacades.php(26): Illuminate/Foundation/PackageManifest->aliases()
#5 C:/xampp/htdocs/CODEPHP/vendor/laravel/framework/src/Illuminate/Foundation/Application.php(342): Illuminate/Foundation/Bootstrap/RegisterFacades->bootstrap(Object(Illuminate/Foundation/Application))
#6 C:/xampp/htdocs/CODEPHP/vendor/laravel/framework/src/Illuminate/Foundation/Console/Kernel.php(474): Illuminate/Foundation/Application->bootstrapWith(Array)
#7 C:/xampp/htdocs/CODEPHP/vendor/laravel/framework/src/Illuminate/Foundation/Console/Kernel.php(196): Illuminate/Foundation/Console/Kernel->bootstrap()
#8 C:/xampp/htdocs/CODEPHP/vendor/laravel/framework/src/Illuminate/Foundation/Application.php(1235): Illuminate/Foundation/Console/Kernel->handle(Object(Symfony/Component/Console/Input/ArgvInput), Object(Symfony/Component/Console/Output/ConsoleOutput))
#9 C:/xampp/htdocs/CODEPHP/artisan(11): Illuminate/Foundation/Application->handleCommand(Object(Symfony/Component/Console/Input/ArgvInput))
#10 {main}
"} 
[2026-06-03 23:22:56] local.ERROR: Database file at path [C:\xampp\htdocs\CODEPHP\database\database.sqlite] does not exist. Ensure this is an absolute path to the database. (Connection: sqlite, SQL: select * from "sessions" where "id" = yECjBCGN4v1Tvm6sRlHFoatQfdOWgdps2WfyJfo7 limit 1) {"exception":"[object] (Illuminate\\Database\\QueryException(code: 0): Database file at path [C:\\xampp\\htdocs\\CODEPHP\\database\\database.sqlite] does not exist. Ensure this is an absolute path to the database. (Connection: sqlite, SQL: select * from \"sessions\" where \"id\" = yECjBCGN4v1Tvm6sRlHFoatQfdOWgdps2WfyJfo7 limit 1) at C:/xampp/htdocs/CODEPHP/vendor/laravel/framework/src/Illuminate/Database/Connection.php:825)
[stacktrace]
#0 C:/xampp/htdocs/CODEPHP/vendor/laravel/framework/src/Illuminate/Database/Connection.php(779): Illuminate/Database/Connection->runQueryCallback('select * from \"...', Array, Object(Closure))
#1 C:/xampp/htdocs/CODEPHP/vendor/laravel/framework/src/Illuminate/Database/Connection.php(398): Illuminate/Database/Connection->run('select * from \"...', Array, Object(Closure))
#2 C:/xampp/htdocs/CODEPHP/vendor/laravel/framework/src/Illuminate/Database/Query/Builder.php(3106): Illuminate/Database/Connection->select('select * from \"...', Array, false)
#3 C:/xampp/htdocs/CODEPHP/vendor/laravel/framework/src/Illuminate/Database/Query/Builder.php(3091): Illuminate/Database/Query/Builder->runSelect()
#4 C:/xampp/htdocs/CODEPHP/vendor/laravel/framework/src/Illuminate/Database/Query/Builder.php(3676): Illuminate/Database/Query/Builder->Illuminate/Database/Query/{closure}()
#5 C:/xampp/htdocs/CODEPHP/vendor/laravel/framework/src/Illuminate/Database/Query/Builder.php(3090): Illuminate/Database/Query/Builder->onceWithColumns(Array, Object(Closure))
#6 C:/xampp/htdocs/CODEPHP/vendor/laravel/framework/src/Illuminate/Database/Concerns/BuildsQueries.php(343): Illuminate/Database/Query/Builder->get(Array)
#7 C:/xampp/htdocs/CODEPHP/vendor/laravel/framework/src/Illuminate/Database/Query/Builder.php(3013): Illuminate/Database/Query/Builder->first(Array)
#8 C:/xampp/htdocs/CODEPHP/vendor/laravel/framework/src/Illuminate/Session/DatabaseSessionHandler.php(97): Illuminate/Database/Query/Builder->find('yECjBCGN4v1Tvm6...')
#9 C:/xampp/htdocs/CODEPHP/vendor/laravel/framework/src/Illuminate/Session/Store.php(117): Illuminate/Session/DatabaseSessionHandler->read('yECjBCGN4v1Tvm6...')
#10 C:/xampp/htdocs/CODEPHP/vendor/laravel/framework/src/Illuminate/Session/Store.php(105): Illuminate/Session/Store->readFromHandler()
#11 C:/xampp/htdocs/CODEPHP/vendor/laravel/framework/src/Illuminate/Session/Store.php(89): Illuminate/Session/Store->loadSession()
#12 C:/xampp/htdocs/CODEPHP/vendor/laravel/framework/src/Illuminate/Session/Middleware/StartSession.php(147): Illuminate/Session/Store->start()
#13 C:/xampp/htdocs/CODEPHP/vendor/laravel/framework/src/Illuminate/Support/helpers.php(399): Illuminate/Session/Middleware/StartSession->Illuminate/Session/Middleware/{closure}(Object(Illuminate/Session/Store))
#14 C:/xampp/htdocs/CODEPHP/vendor/laravel/framework/src/Illuminate/Session/Middleware/StartSession.php(144): tap(Object(Illuminate/Session/Store), Object(Closure))
#15 C:/xampp/htdocs/CODEPHP/vendor/laravel/framework/src/Illuminate/Session/Middleware/StartSession.php(116): Illuminate/Session/Middleware/StartSession->startSession(Object(Illuminate/Http/Request), Object(Illuminate/Session/Store))
#16 C:/xampp/htdocs/CODEPHP/vendor/laravel/framework/src/Illuminate/Session/Middleware/StartSession.php(64): Illuminate/Session/Middleware/StartSession->handleStatefulRequest(Object(Illuminate/Http/Request), Object(Illuminate/Session/Store), Object(Closure))
#17 C:/xampp/htdocs/CODEPHP/vendor/laravel/framework/src/Illuminate/Pipeline/Pipeline.php(209): Illuminate/Session/Middleware/StartSession->handle(Object(Illuminate/Http/Request), Object(Closure))
#18 C:/xampp/htdocs/CODEPHP/vendor/laravel/framework/src/Illuminate/Cookie/Middleware/AddQueuedCookiesToResponse.php(37): Illuminate/Pipeline/Pipeline->Illuminate/Pipeline/{closure}(Object(Illuminate/Http/Request))
#19 C:/xampp/htdocs/CODEPHP/vendor/laravel/framework/src/Illuminate/Pipeline/Pipeline.php(209): Illuminate/Cookie/Middleware/AddQueuedCookiesToResponse->handle(Object(Illuminate/Http/Request), Object(Closure))
#20 C:/xampp/htdocs/CODEPHP/vendor/laravel/framework/src/Illuminate/Cookie/Middleware/EncryptCookies.php(75): Illuminate/Pipeline/Pipeline->Illuminate/Pipeline/{closure}(Object(Illuminate/Http/Request))
#21 C:/xampp/htdocs/CODEPHP/vendor/laravel/framework/src/Illuminate/Pipeline/Pipeline.php(209): Illuminate/Cookie/Middleware/EncryptCookies->handle(Object(Illuminate/Http/Request), Object(Closure))
#22 C:/xampp/htdocs/CODEPHP/vendor/laravel/framework/src/Illuminate/Pipeline/Pipeline.php(127): Illuminate/Pipeline/Pipeline->Illuminate/Pipeline/{closure}(Object(Illuminate/Http/Request))
#23 C:/xampp/htdocs/CODEPHP/vendor/laravel/framework/src/Illuminate/Routing/Router.php(807): Illuminate/Pipeline/Pipeline->then(Object(Closure))
#24 C:/xampp/htdocs/CODEPHP/vendor/laravel/framework/src/Illuminate/Routing/Router.php(786): Illuminate/Routing/Router->runRouteWithinStack(Object(Illuminate/Routing/Route), Object(Illuminate/Http/Request))
#25 C:/xampp/htdocs/CODEPHP/vendor/laravel/framework/src/Illuminate/Routing/Router.php(750): Illuminate/Routing/Router->runRoute(Object(Illuminate/Http/Request), Object(Illuminate/Routing/Route))
#26 C:/xampp/htdocs/CODEPHP/vendor/laravel/framework/src/Illuminate/Routing/Router.php(739): Illuminate/Routing/Router->dispatchToRoute(Object(Illuminate/Http/Request))
#27 C:/xampp/htdocs/CODEPHP/vendor/laravel/framework/src/Illuminate/Foundation/Http/Kernel.php(201): Illuminate/Routing/Router->dispatch(Object(Illuminate/Http/Request))
#28 C:/xampp/htdocs/CODEPHP/vendor/laravel/framework/src/Illuminate/Pipeline/Pipeline.php(170): Illuminate/Foundation/Http/Kernel->Illuminate/Foundation/Http/{closure}(Object(Illuminate/Http/Request))
#29 C:/xampp/htdocs/CODEPHP/vendor/laravel/framework/src/Illuminate/Foundation/Http/Middleware/TransformsRequest.php(21): Illuminate/Pipeline/Pipeline->Illuminate/Pipeline/{closure}(Object(Illuminate/Http/Request))
#30 C:/xampp/htdocs/CODEPHP/vendor/laravel/framework/src/Illuminate/Foundation/Http/Middleware/ConvertEmptyStringsToNull.php(31): Illuminate/Foundation/Http/Middleware/TransformsRequest->handle(Object(Illuminate/Http/Request), Object(Closure))
#31 C:/xampp/htdocs/CODEPHP/vendor/laravel/framework/src/Illuminate/Pipeline/Pipeline.php(209): Illuminate/Foundation/Http/Middleware/ConvertEmptyStringsToNull->handle(Object(Illuminate/Http/Request), Object(Closure))
#32 C:/xampp/htdocs/CODEPHP/vendor/laravel/framework/src/Illuminate/Foundation/Http/Middleware/TransformsRequest.php(21): Illuminate/Pipeline/Pipeline->Illuminate/Pipeline/{closure}(Object(Illuminate/Http/Request))
#33 C:/xampp/htdocs/CODEPHP/vendor/laravel/framework/src/Illuminate/Foundation/Http/Middleware/TrimStrings.php(51): Illuminate/Foundation/Http/Middleware/TransformsRequest->handle(Object(Illuminate/Http/Request), Object(Closure))
#34 C:/xampp/htdocs/CODEPHP/vendor/laravel/framework/src/Illuminate/Pipeline/Pipeline.php(209): Illuminate/Foundation/Http/Middleware/TrimStrings->handle(Object(Illuminate/Http/Request), Object(Closure))
#35 C:/xampp/htdocs/CODEPHP/vendor/laravel/framework/src/Illuminate/Http/Middleware/ValidatePostSize.php(27): Illuminate/Pipeline/Pipeline->Illuminate/Pipeline/{closure}(Object(Illuminate/Http/Request))
#36 C:/xampp/htdocs/CODEPHP/vendor/laravel/framework/src/Illuminate/Pipeline/Pipeline.php(209): Illuminate/Http/Middleware/ValidatePostSize->handle(Object(Illuminate/Http/Request), Object(Closure))
#37 C:/xampp/htdocs/CODEPHP/vendor/laravel/framework/src/Illuminate/Foundation/Http/Middleware/PreventRequestsDuringMaintenance.php(110): Illuminate/Pipeline/Pipeline->Illuminate/Pipeline/{closure}(Object(Illuminate/Http/Request))
#38 C:/xampp/htdocs/CODEPHP/vendor/laravel/framework/src/Illuminate/Pipeline/Pipeline.php(209): Illuminate/Foundation/Http/Middleware/PreventRequestsDuringMaintenance->handle(Object(Illuminate/Http/Request), Object(Closure))
#39 C:/xampp/htdocs/CODEPHP/vendor/laravel/framework/src/Illuminate/Http/Middleware/HandleCors.php(49): Illuminate/Pipeline/Pipeline->Illuminate/Pipeline/{closure}(Object(Illuminate/Http/Request))
#40 C:/xampp/htdocs/CODEPHP/vendor/laravel/framework/src/Illuminate/Pipeline/Pipeline.php(209): Illuminate/Http/Middleware/HandleCors->handle(Object(Illuminate/Http/Request), Object(Closure))
#41 C:/xampp/htdocs/CODEPHP/vendor/laravel/framework/src/Illuminate/Http/Middleware/TrustProxies.php(58): Illuminate/Pipeline/Pipeline->Illuminate/Pipeline/{closure}(Object(Illuminate/Http/Request))
#42 C:/xampp/htdocs/CODEPHP/vendor/laravel/framework/src/Illuminate/Pipeline/Pipeline.php(209): Illuminate/Http/Middleware/TrustProxies->handle(Object(Illuminate/Http/Request), Object(Closure))
#43 C:/xampp/htdocs/CODEPHP/vendor/laravel/framework/src/Illuminate/Foundation/Http/Middleware/InvokeDeferredCallbacks.php(22): Illuminate/Pipeline/Pipeline->Illuminate/Pipeline/{closure}(Object(Illuminate/Http/Request))
#44 C:/xampp/htdocs/CODEPHP/vendor/laravel/framework/src/Illuminate/Pipeline/Pipeline.php(209): Illuminate/Foundation/Http/Middleware/InvokeDeferredCallbacks->handle(Object(Illuminate/Http/Request), Object(Closure))
#45 C:/xampp/htdocs/CODEPHP/vendor/laravel/framework/src/Illuminate/Pipeline/Pipeline.php(127): Illuminate/Pipeline/Pipeline->Illuminate/Pipeline/{closure}(Object(Illuminate/Http/Request))
#46 C:/xampp/htdocs/CODEPHP/vendor/laravel/framework/src/Illuminate/Foundation/Http/Kernel.php(176): Illuminate/Pipeline/Pipeline->then(Object(Closure))
#47 C:/xampp/htdocs/CODEPHP/vendor/laravel/framework/src/Illuminate/Foundation/Http/Kernel.php(145): Illuminate/Foundation/Http/Kernel->sendRequestThroughRouter(Object(Illuminate/Http/Request))
#48 C:/xampp/htdocs/CODEPHP/vendor/laravel/framework/src/Illuminate/Foundation/Application.php(1220): Illuminate/Foundation/Http/Kernel->handle(Object(Illuminate/Http/Request))
#49 C:/xampp/htdocs/CODEPHP/public/index.php(17): Illuminate/Foundation/Application->handleRequest(Object(Illuminate/Http/Request))
#50 {main}

[previous exception] [object] (Illuminate\\Database\\SQLiteDatabaseDoesNotExistException(code: 0): Database file at path [C:\\xampp\\htdocs\\CODEPHP\\database\\database.sqlite] does not exist. Ensure this is an absolute path to the database. at C:/xampp/htdocs/CODEPHP/vendor/laravel/framework/src/Illuminate/Database/Connectors/SQLiteConnector.php:37)
[stacktrace]
#0 C:/xampp/htdocs/CODEPHP/vendor/laravel/framework/src/Illuminate/Database/Connectors/ConnectionFactory.php(224): Illuminate/Database/Connectors/SQLiteConnector->connect(Array)
#1 [internal function]: Illuminate/Database/Connectors/ConnectionFactory->Illuminate/Database/Connectors/{closure}()
#2 C:/xampp/htdocs/CODEPHP/vendor/laravel/framework/src/Illuminate/Database/Connection.php(1231): call_user_func(Object(Closure))
#3 C:/xampp/htdocs/CODEPHP/vendor/laravel/framework/src/Illuminate/Database/Connection.php(512): Illuminate/Database/Connection->getPdo()
#4 C:/xampp/htdocs/CODEPHP/vendor/laravel/framework/src/Illuminate/Database/Connection.php(407): Illuminate/Database/Connection->getPdoForSelect(false)
#5 C:/xampp/htdocs/CODEPHP/vendor/laravel/framework/src/Illuminate/Database/Connection.php(812): Illuminate/Database/Connection->Illuminate/Database/{closure}('select * from \"...', Array)
#6 C:/xampp/htdocs/CODEPHP/vendor/laravel/framework/src/Illuminate/Database/Connection.php(779): Illuminate/Database/Connection->runQueryCallback('select * from \"...', Array, Object(Closure))
#7 C:/xampp/htdocs/CODEPHP/vendor/laravel/framework/src/Illuminate/Database/Connection.php(398): Illuminate/Database/Connection->run('select * from \"...', Array, Object(Closure))
#8 C:/xampp/htdocs/CODEPHP/vendor/laravel/framework/src/Illuminate/Database/Query/Builder.php(3106): Illuminate/Database/Connection->select('select * from \"...', Array, false)
#9 C:/xampp/htdocs/CODEPHP/vendor/laravel/framework/src/Illuminate/Database/Query/Builder.php(3091): Illuminate/Database/Query/Builder->runSelect()
#10 C:/xampp/htdocs/CODEPHP/vendor/laravel/framework/src/Illuminate/Database/Query/Builder.php(3676): Illuminate/Database/Query/Builder->Illuminate/Database/Query/{closure}()
#11 C:/xampp/htdocs/CODEPHP/vendor/laravel/framework/src/Illuminate/Database/Query/Builder.php(3090): Illuminate/Database/Query/Builder->onceWithColumns(Array, Object(Closure))
#12 C:/xampp/htdocs/CODEPHP/vendor/laravel/framework/src/Illuminate/Database/Concerns/BuildsQueries.php(343): Illuminate/Database/Query/Builder->get(Array)
#13 C:/xampp/htdocs/CODEPHP/vendor/laravel/framework/src/Illuminate/Database/Query/Builder.php(3013): Illuminate/Database/Query/Builder->first(Array)
#14 C:/xampp/htdocs/CODEPHP/vendor/laravel/framework/src/Illuminate/Session/DatabaseSessionHandler.php(97): Illuminate/Database/Query/Builder->find('yECjBCGN4v1Tvm6...')
#15 C:/xampp/htdocs/CODEPHP/vendor/laravel/framework/src/Illuminate/Session/Store.php(117): Illuminate/Session/DatabaseSessionHandler->read('yECjBCGN4v1Tvm6...')
#16 C:/xampp/htdocs/CODEPHP/vendor/laravel/framework/src/Illuminate/Session/Store.php(105): Illuminate/Session/Store->readFromHandler()
#17 C:/xampp/htdocs/CODEPHP/vendor/laravel/framework/src/Illuminate/Session/Store.php(89): Illuminate/Session/Store->loadSession()
#18 C:/xampp/htdocs/CODEPHP/vendor/laravel/framework/src/Illuminate/Session/Middleware/StartSession.php(147): Illuminate/Session/Store->start()
#19 C:/xampp/htdocs/CODEPHP/vendor/laravel/framework/src/Illuminate/Support/helpers.php(399): Illuminate/Session/Middleware/StartSession->Illuminate/Session/Middleware/{closure}(Object(Illuminate/Session/Store))
#20 C:/xampp/htdocs/CODEPHP/vendor/laravel/framework/src/Illuminate/Session/Middleware/StartSession.php(144): tap(Object(Illuminate/Session/Store), Object(Closure))
#21 C:/xampp/htdocs/CODEPHP/vendor/laravel/framework/src/Illuminate/Session/Middleware/StartSession.php(116): Illuminate/Session/Middleware/StartSession->startSession(Object(Illuminate/Http/Request), Object(Illuminate/Session/Store))
#22 C:/xampp/htdocs/CODEPHP/vendor/laravel/framework/src/Illuminate/Session/Middleware/StartSession.php(64): Illuminate/Session/Middleware/StartSession->handleStatefulRequest(Object(Illuminate/Http/Request), Object(Illuminate/Session/Store), Object(Closure))
#23 C:/xampp/htdocs/CODEPHP/vendor/laravel/framework/src/Illuminate/Pipeline/Pipeline.php(209): Illuminate/Session/Middleware/StartSession->handle(Object(Illuminate/Http/Request), Object(Closure))
#24 C:/xampp/htdocs/CODEPHP/vendor/laravel/framework/src/Illuminate/Cookie/Middleware/AddQueuedCookiesToResponse.php(37): Illuminate/Pipeline/Pipeline->Illuminate/Pipeline/{closure}(Object(Illuminate/Http/Request))
#25 C:/xampp/htdocs/CODEPHP/vendor/laravel/framework/src/Illuminate/Pipeline/Pipeline.php(209): Illuminate/Cookie/Middleware/AddQueuedCookiesToResponse->handle(Object(Illuminate/Http/Request), Object(Closure))
#26 C:/xampp/htdocs/CODEPHP/vendor/laravel/framework/src/Illuminate/Cookie/Middleware/EncryptCookies.php(75): Illuminate/Pipeline/Pipeline->Illuminate/Pipeline/{closure}(Object(Illuminate/Http/Request))
#27 C:/xampp/htdocs/CODEPHP/vendor/laravel/framework/src/Illuminate/Pipeline/Pipeline.php(209): Illuminate/Cookie/Middleware/EncryptCookies->handle(Object(Illuminate/Http/Request), Object(Closure))
#28 C:/xampp/htdocs/CODEPHP/vendor/laravel/framework/src/Illuminate/Pipeline/Pipeline.php(127): Illuminate/Pipeline/Pipeline->Illuminate/Pipeline/{closure}(Object(Illuminate/Http/Request))
#29 C:/xampp/htdocs/CODEPHP/vendor/laravel/framework/src/Illuminate/Routing/Router.php(807): Illuminate/Pipeline/Pipeline->then(Object(Closure))
#30 C:/xampp/htdocs/CODEPHP/vendor/laravel/framework/src/Illuminate/Routing/Router.php(786): Illuminate/Routing/Router->runRouteWithinStack(Object(Illuminate/Routing/Route), Object(Illuminate/Http/Request))
#31 C:/xampp/htdocs/CODEPHP/vendor/laravel/framework/src/Illuminate/Routing/Router.php(750): Illuminate/Routing/Router->runRoute(Object(Illuminate/Http/Request), Object(Illuminate/Routing/Route))
#32 C:/xampp/htdocs/CODEPHP/vendor/laravel/framework/src/Illuminate/Routing/Router.php(739): Illuminate/Routing/Router->dispatchToRoute(Object(Illuminate/Http/Request))
#33 C:/xampp/htdocs/CODEPHP/vendor/laravel/framework/src/Illuminate/Foundation/Http/Kernel.php(201): Illuminate/Routing/Router->dispatch(Object(Illuminate/Http/Request))
#34 C:/xampp/htdocs/CODEPHP/vendor/laravel/framework/src/Illuminate/Pipeline/Pipeline.php(170): Illuminate/Foundation/Http/Kernel->Illuminate/Foundation/Http/{closure}(Object(Illuminate/Http/Request))
#35 C:/xampp/htdocs/CODEPHP/vendor/laravel/framework/src/Illuminate/Foundation/Http/Middleware/TransformsRequest.php(21): Illuminate/Pipeline/Pipeline->Illuminate/Pipeline/{closure}(Object(Illuminate/Http/Request))
#36 C:/xampp/htdocs/CODEPHP/vendor/laravel/framework/src/Illuminate/Foundation/Http/Middleware/ConvertEmptyStringsToNull.php(31): Illuminate/Foundation/Http/Middleware/TransformsRequest->handle(Object(Illuminate/Http/Request), Object(Closure))
#37 C:/xampp/htdocs/CODEPHP/vendor/laravel/framework/src/Illuminate/Pipeline/Pipeline.php(209): Illuminate/Foundation/Http/Middleware/ConvertEmptyStringsToNull->handle(Object(Illuminate/Http/Request), Object(Closure))
#38 C:/xampp/htdocs/CODEPHP/vendor/laravel/framework/src/Illuminate/Foundation/Http/Middleware/TransformsRequest.php(21): Illuminate/Pipeline/Pipeline->Illuminate/Pipeline/{closure}(Object(Illuminate/Http/Request))
#39 C:/xampp/htdocs/CODEPHP/vendor/laravel/framework/src/Illuminate/Foundation/Http/Middleware/TrimStrings.php(51): Illuminate/Foundation/Http/Middleware/TransformsRequest->handle(Object(Illuminate/Http/Request), Object(Closure))
#40 C:/xampp/htdocs/CODEPHP/vendor/laravel/framework/src/Illuminate/Pipeline/Pipeline.php(209): Illuminate/Foundation/Http/Middleware/TrimStrings->handle(Object(Illuminate/Http/Request), Object(Closure))
#41 C:/xampp/htdocs/CODEPHP/vendor/laravel/framework/src/Illuminate/Http/Middleware/ValidatePostSize.php(27): Illuminate/Pipeline/Pipeline->Illuminate/Pipeline/{closure}(Object(Illuminate/Http/Request))
#42 C:/xampp/htdocs/CODEPHP/vendor/laravel/framework/src/Illuminate/Pipeline/Pipeline.php(209): Illuminate/Http/Middleware/ValidatePostSize->handle(Object(Illuminate/Http/Request), Object(Closure))
#43 C:/xampp/htdocs/CODEPHP/vendor/laravel/framework/src/Illuminate/Foundation/Http/Middleware/PreventRequestsDuringMaintenance.php(110): Illuminate/Pipeline/Pipeline->Illuminate/Pipeline/{closure}(Object(Illuminate/Http/Request))
#44 C:/xampp/htdocs/CODEPHP/vendor/laravel/framework/src/Illuminate/Pipeline/Pipeline.php(209): Illuminate/Foundation/Http/Middleware/PreventRequestsDuringMaintenance->handle(Object(Illuminate/Http/Request), Object(Closure))
#45 C:/xampp/htdocs/CODEPHP/vendor/laravel/framework/src/Illuminate/Http/Middleware/HandleCors.php(49): Illuminate/Pipeline/Pipeline->Illuminate/Pipeline/{closure}(Object(Illuminate/Http/Request))
#46 C:/xampp/htdocs/CODEPHP/vendor/laravel/framework/src/Illuminate/Pipeline/Pipeline.php(209): Illuminate/Http/Middleware/HandleCors->handle(Object(Illuminate/Http/Request), Object(Closure))
#47 C:/xampp/htdocs/CODEPHP/vendor/laravel/framework/src/Illuminate/Http/Middleware/TrustProxies.php(58): Illuminate/Pipeline/Pipeline->Illuminate/Pipeline/{closure}(Object(Illuminate/Http/Request))
#48 C:/xampp/htdocs/CODEPHP/vendor/laravel/framework/src/Illuminate/Pipeline/Pipeline.php(209): Illuminate/Http/Middleware/TrustProxies->handle(Object(Illuminate/Http/Request), Object(Closure))
#49 C:/xampp/htdocs/CODEPHP/vendor/laravel/framework/src/Illuminate/Foundation/Http/Middleware/InvokeDeferredCallbacks.php(22): Illuminate/Pipeline/Pipeline->Illuminate/Pipeline/{closure}(Object(Illuminate/Http/Request))
#50 C:/xampp/htdocs/CODEPHP/vendor/laravel/framework/src/Illuminate/Pipeline/Pipeline.php(209): Illuminate/Foundation/Http/Middleware/InvokeDeferredCallbacks->handle(Object(Illuminate/Http/Request), Object(Closure))
#51 C:/xampp/htdocs/CODEPHP/vendor/laravel/framework/src/Illuminate/Pipeline/Pipeline.php(127): Illuminate/Pipeline/Pipeline->Illuminate/Pipeline/{closure}(Object(Illuminate/Http/Request))
#52 C:/xampp/htdocs/CODEPHP/vendor/laravel/framework/src/Illuminate/Foundation/Http/Kernel.php(176): Illuminate/Pipeline/Pipeline->then(Object(Closure))
#53 C:/xampp/htdocs/CODEPHP/vendor/laravel/framework/src/Illuminate/Foundation/Http/Kernel.php(145): Illuminate/Foundation/Http/Kernel->sendRequestThroughRouter(Object(Illuminate/Http/Request))
#54 C:/xampp/htdocs/CODEPHP/vendor/laravel/framework/src/Illuminate/Foundation/Application.php(1220): Illuminate/Foundation/Http/Kernel->handle(Object(Illuminate/Http/Request))
#55 C:/xampp/htdocs/CODEPHP/public/index.php(17): Illuminate/Foundation/Application->handleRequest(Object(Illuminate/Http/Request))
#56 {main}
"} 
[2026-06-03 23:23:31] local.ERROR: Database file at path [C:\xampp\htdocs\CODEPHP\database\database.sqlite] does not exist. Ensure this is an absolute path to the database. (Connection: sqlite, SQL: select * from "sessions" where "id" = Xv6hXYqwQkf43oh3ORB67aLe03jdyTk95nsXFanu limit 1) {"exception":"[object] (Illuminate\\Database\\QueryException(code: 0): Database file at path [C:\\xampp\\htdocs\\CODEPHP\\database\\database.sqlite] does not exist. Ensure this is an absolute path to the database. (Connection: sqlite, SQL: select * from \"sessions\" where \"id\" = Xv6hXYqwQkf43oh3ORB67aLe03jdyTk95nsXFanu limit 1) at C:/xampp/htdocs/CODEPHP/vendor/laravel/framework/src/Illuminate/Database/Connection.php:825)
[stacktrace]
#0 C:/xampp/htdocs/CODEPHP/vendor/laravel/framework/src/Illuminate/Database/Connection.php(779): Illuminate/Database/Connection->runQueryCallback('select * from \"...', Array, Object(Closure))
#1 C:/xampp/htdocs/CODEPHP/vendor/laravel/framework/src/Illuminate/Database/Connection.php(398): Illuminate/Database/Connection->run('select * from \"...', Array, Object(Closure))
#2 C:/xampp/htdocs/CODEPHP/vendor/laravel/framework/src/Illuminate/Database/Query/Builder.php(3106): Illuminate/Database/Connection->select('select * from \"...', Array, false)
#3 C:/xampp/htdocs/CODEPHP/vendor/laravel/framework/src/Illuminate/Database/Query/Builder.php(3091): Illuminate/Database/Query/Builder->runSelect()
#4 C:/xampp/htdocs/CODEPHP/vendor/laravel/framework/src/Illuminate/Database/Query/Builder.php(3676): Illuminate/Database/Query/Builder->Illuminate/Database/Query/{closure}()
#5 C:/xampp/htdocs/CODEPHP/vendor/laravel/framework/src/Illuminate/Database/Query/Builder.php(3090): Illuminate/Database/Query/Builder->onceWithColumns(Array, Object(Closure))
#6 C:/xampp/htdocs/CODEPHP/vendor/laravel/framework/src/Illuminate/Database/Concerns/BuildsQueries.php(343): Illuminate/Database/Query/Builder->get(Array)
#7 C:/xampp/htdocs/CODEPHP/vendor/laravel/framework/src/Illuminate/Database/Query/Builder.php(3013): Illuminate/Database/Query/Builder->first(Array)
#8 C:/xampp/htdocs/CODEPHP/vendor/laravel/framework/src/Illuminate/Session/DatabaseSessionHandler.php(97): Illuminate/Database/Query/Builder->find('Xv6hXYqwQkf43oh...')
#9 C:/xampp/htdocs/CODEPHP/vendor/laravel/framework/src/Illuminate/Session/Store.php(117): Illuminate/Session/DatabaseSessionHandler->read('Xv6hXYqwQkf43oh...')
#10 C:/xampp/htdocs/CODEPHP/vendor/laravel/framework/src/Illuminate/Session/Store.php(105): Illuminate/Session/Store->readFromHandler()
#11 C:/xampp/htdocs/CODEPHP/vendor/laravel/framework/src/Illuminate/Session/Store.php(89): Illuminate/Session/Store->loadSession()
#12 C:/xampp/htdocs/CODEPHP/vendor/laravel/framework/src/Illuminate/Session/Middleware/StartSession.php(147): Illuminate/Session/Store->start()
#13 C:/xampp/htdocs/CODEPHP/vendor/laravel/framework/src/Illuminate/Support/helpers.php(399): Illuminate/Session/Middleware/StartSession->Illuminate/Session/Middleware/{closure}(Object(Illuminate/Session/Store))
#14 C:/xampp/htdocs/CODEPHP/vendor/laravel/framework/src/Illuminate/Session/Middleware/StartSession.php(144): tap(Object(Illuminate/Session/Store), Object(Closure))
#15 C:/xampp/htdocs/CODEPHP/vendor/laravel/framework/src/Illuminate/Session/Middleware/StartSession.php(116): Illuminate/Session/Middleware/StartSession->startSession(Object(Illuminate/Http/Request), Object(Illuminate/Session/Store))
#16 C:/xampp/htdocs/CODEPHP/vendor/laravel/framework/src/Illuminate/Session/Middleware/StartSession.php(64): Illuminate/Session/Middleware/StartSession->handleStatefulRequest(Object(Illuminate/Http/Request), Object(Illuminate/Session/Store), Object(Closure))
#17 C:/xampp/htdocs/CODEPHP/vendor/laravel/framework/src/Illuminate/Pipeline/Pipeline.php(209): Illuminate/Session/Middleware/StartSession->handle(Object(Illuminate/Http/Request), Object(Closure))
#18 C:/xampp/htdocs/CODEPHP/vendor/laravel/framework/src/Illuminate/Cookie/Middleware/AddQueuedCookiesToResponse.php(37): Illuminate/Pipeline/Pipeline->Illuminate/Pipeline/{closure}(Object(Illuminate/Http/Request))
#19 C:/xampp/htdocs/CODEPHP/vendor/laravel/framework/src/Illuminate/Pipeline/Pipeline.php(209): Illuminate/Cookie/Middleware/AddQueuedCookiesToResponse->handle(Object(Illuminate/Http/Request), Object(Closure))
#20 C:/xampp/htdocs/CODEPHP/vendor/laravel/framework/src/Illuminate/Cookie/Middleware/EncryptCookies.php(75): Illuminate/Pipeline/Pipeline->Illuminate/Pipeline/{closure}(Object(Illuminate/Http/Request))
#21 C:/xampp/htdocs/CODEPHP/vendor/laravel/framework/src/Illuminate/Pipeline/Pipeline.php(209): Illuminate/Cookie/Middleware/EncryptCookies->handle(Object(Illuminate/Http/Request), Object(Closure))
#22 C:/xampp/htdocs/CODEPHP/vendor/laravel/framework/src/Illuminate/Pipeline/Pipeline.php(127): Illuminate/Pipeline/Pipeline->Illuminate/Pipeline/{closure}(Object(Illuminate/Http/Request))
#23 C:/xampp/htdocs/CODEPHP/vendor/laravel/framework/src/Illuminate/Routing/Router.php(807): Illuminate/Pipeline/Pipeline->then(Object(Closure))
#24 C:/xampp/htdocs/CODEPHP/vendor/laravel/framework/src/Illuminate/Routing/Router.php(786): Illuminate/Routing/Router->runRouteWithinStack(Object(Illuminate/Routing/Route), Object(Illuminate/Http/Request))
#25 C:/xampp/htdocs/CODEPHP/vendor/laravel/framework/src/Illuminate/Routing/Router.php(750): Illuminate/Routing/Router->runRoute(Object(Illuminate/Http/Request), Object(Illuminate/Routing/Route))
#26 C:/xampp/htdocs/CODEPHP/vendor/laravel/framework/src/Illuminate/Routing/Router.php(739): Illuminate/Routing/Router->dispatchToRoute(Object(Illuminate/Http/Request))
#27 C:/xampp/htdocs/CODEPHP/vendor/laravel/framework/src/Illuminate/Foundation/Http/Kernel.php(201): Illuminate/Routing/Router->dispatch(Object(Illuminate/Http/Request))
#28 C:/xampp/htdocs/CODEPHP/vendor/laravel/framework/src/Illuminate/Pipeline/Pipeline.php(170): Illuminate/Foundation/Http/Kernel->Illuminate/Foundation/Http/{closure}(Object(Illuminate/Http/Request))
#29 C:/xampp/htdocs/CODEPHP/vendor/laravel/framework/src/Illuminate/Foundation/Http/Middleware/TransformsRequest.php(21): Illuminate/Pipeline/Pipeline->Illuminate/Pipeline/{closure}(Object(Illuminate/Http/Request))
#30 C:/xampp/htdocs/CODEPHP/vendor/laravel/framework/src/Illuminate/Foundation/Http/Middleware/ConvertEmptyStringsToNull.php(31): Illuminate/Foundation/Http/Middleware/TransformsRequest->handle(Object(Illuminate/Http/Request), Object(Closure))
#31 C:/xampp/htdocs/CODEPHP/vendor/laravel/framework/src/Illuminate/Pipeline/Pipeline.php(209): Illuminate/Foundation/Http/Middleware/ConvertEmptyStringsToNull->handle(Object(Illuminate/Http/Request), Object(Closure))
#32 C:/xampp/htdocs/CODEPHP/vendor/laravel/framework/src/Illuminate/Foundation/Http/Middleware/TransformsRequest.php(21): Illuminate/Pipeline/Pipeline->Illuminate/Pipeline/{closure}(Object(Illuminate/Http/Request))
#33 C:/xampp/htdocs/CODEPHP/vendor/laravel/framework/src/Illuminate/Foundation/Http/Middleware/TrimStrings.php(51): Illuminate/Foundation/Http/Middleware/TransformsRequest->handle(Object(Illuminate/Http/Request), Object(Closure))
#34 C:/xampp/htdocs/CODEPHP/vendor/laravel/framework/src/Illuminate/Pipeline/Pipeline.php(209): Illuminate/Foundation/Http/Middleware/TrimStrings->handle(Object(Illuminate/Http/Request), Object(Closure))
#35 C:/xampp/htdocs/CODEPHP/vendor/laravel/framework/src/Illuminate/Http/Middleware/ValidatePostSize.php(27): Illuminate/Pipeline/Pipeline->Illuminate/Pipeline/{closure}(Object(Illuminate/Http/Request))
#36 C:/xampp/htdocs/CODEPHP/vendor/laravel/framework/src/Illuminate/Pipeline/Pipeline.php(209): Illuminate/Http/Middleware/ValidatePostSize->handle(Object(Illuminate/Http/Request), Object(Closure))
#37 C:/xampp/htdocs/CODEPHP/vendor/laravel/framework/src/Illuminate/Foundation/Http/Middleware/PreventRequestsDuringMaintenance.php(110): Illuminate/Pipeline/Pipeline->Illuminate/Pipeline/{closure}(Object(Illuminate/Http/Request))
#38 C:/xampp/htdocs/CODEPHP/vendor/laravel/framework/src/Illuminate/Pipeline/Pipeline.php(209): Illuminate/Foundation/Http/Middleware/PreventRequestsDuringMaintenance->handle(Object(Illuminate/Http/Request), Object(Closure))
#39 C:/xampp/htdocs/CODEPHP/vendor/laravel/framework/src/Illuminate/Http/Middleware/HandleCors.php(49): Illuminate/Pipeline/Pipeline->Illuminate/Pipeline/{closure}(Object(Illuminate/Http/Request))
#40 C:/xampp/htdocs/CODEPHP/vendor/laravel/framework/src/Illuminate/Pipeline/Pipeline.php(209): Illuminate/Http/Middleware/HandleCors->handle(Object(Illuminate/Http/Request), Object(Closure))
#41 C:/xampp/htdocs/CODEPHP/vendor/laravel/framework/src/Illuminate/Http/Middleware/TrustProxies.php(58): Illuminate/Pipeline/Pipeline->Illuminate/Pipeline/{closure}(Object(Illuminate/Http/Request))
#42 C:/xampp/htdocs/CODEPHP/vendor/laravel/framework/src/Illuminate/Pipeline/Pipeline.php(209): Illuminate/Http/Middleware/TrustProxies->handle(Object(Illuminate/Http/Request), Object(Closure))
#43 C:/xampp/htdocs/CODEPHP/vendor/laravel/framework/src/Illuminate/Foundation/Http/Middleware/InvokeDeferredCallbacks.php(22): Illuminate/Pipeline/Pipeline->Illuminate/Pipeline/{closure}(Object(Illuminate/Http/Request))
#44 C:/xampp/htdocs/CODEPHP/vendor/laravel/framework/src/Illuminate/Pipeline/Pipeline.php(209): Illuminate/Foundation/Http/Middleware/InvokeDeferredCallbacks->handle(Object(Illuminate/Http/Request), Object(Closure))
#45 C:/xampp/htdocs/CODEPHP/vendor/laravel/framework/src/Illuminate/Pipeline/Pipeline.php(127): Illuminate/Pipeline/Pipeline->Illuminate/Pipeline/{closure}(Object(Illuminate/Http/Request))
#46 C:/xampp/htdocs/CODEPHP/vendor/laravel/framework/src/Illuminate/Foundation/Http/Kernel.php(176): Illuminate/Pipeline/Pipeline->then(Object(Closure))
#47 C:/xampp/htdocs/CODEPHP/vendor/laravel/framework/src/Illuminate/Foundation/Http/Kernel.php(145): Illuminate/Foundation/Http/Kernel->sendRequestThroughRouter(Object(Illuminate/Http/Request))
#48 C:/xampp/htdocs/CODEPHP/vendor/laravel/framework/src/Illuminate/Foundation/Application.php(1220): Illuminate/Foundation/Http/Kernel->handle(Object(Illuminate/Http/Request))
#49 C:/xampp/htdocs/CODEPHP/public/index.php(17): Illuminate/Foundation/Application->handleRequest(Object(Illuminate/Http/Request))
#50 {main}

[previous exception] [object] (Illuminate\\Database\\SQLiteDatabaseDoesNotExistException(code: 0): Database file at path [C:\\xampp\\htdocs\\CODEPHP\\database\\database.sqlite] does not exist. Ensure this is an absolute path to the database. at C:/xampp/htdocs/CODEPHP/vendor/laravel/framework/src/Illuminate/Database/Connectors/SQLiteConnector.php:37)
[stacktrace]
#0 C:/xampp/htdocs/CODEPHP/vendor/laravel/framework/src/Illuminate/Database/Connectors/ConnectionFactory.php(224): Illuminate/Database/Connectors/SQLiteConnector->connect(Array)
#1 [internal function]: Illuminate/Database/Connectors/ConnectionFactory->Illuminate/Database/Connectors/{closure}()
#2 C:/xampp/htdocs/CODEPHP/vendor/laravel/framework/src/Illuminate/Database/Connection.php(1231): call_user_func(Object(Closure))
#3 C:/xampp/htdocs/CODEPHP/vendor/laravel/framework/src/Illuminate/Database/Connection.php(512): Illuminate/Database/Connection->getPdo()
#4 C:/xampp/htdocs/CODEPHP/vendor/laravel/framework/src/Illuminate/Database/Connection.php(407): Illuminate/Database/Connection->getPdoForSelect(false)
#5 C:/xampp/htdocs/CODEPHP/vendor/laravel/framework/src/Illuminate/Database/Connection.php(812): Illuminate/Database/Connection->Illuminate/Database/{closure}('select * from \"...', Array)
#6 C:/xampp/htdocs/CODEPHP/vendor/laravel/framework/src/Illuminate/Database/Connection.php(779): Illuminate/Database/Connection->runQueryCallback('select * from \"...', Array, Object(Closure))
#7 C:/xampp/htdocs/CODEPHP/vendor/laravel/framework/src/Illuminate/Database/Connection.php(398): Illuminate/Database/Connection->run('select * from \"...', Array, Object(Closure))
#8 C:/xampp/htdocs/CODEPHP/vendor/laravel/framework/src/Illuminate/Database/Query/Builder.php(3106): Illuminate/Database/Connection->select('select * from \"...', Array, false)
#9 C:/xampp/htdocs/CODEPHP/vendor/laravel/framework/src/Illuminate/Database/Query/Builder.php(3091): Illuminate/Database/Query/Builder->runSelect()
#10 C:/xampp/htdocs/CODEPHP/vendor/laravel/framework/src/Illuminate/Database/Query/Builder.php(3676): Illuminate/Database/Query/Builder->Illuminate/Database/Query/{closure}()
#11 C:/xampp/htdocs/CODEPHP/vendor/laravel/framework/src/Illuminate/Database/Query/Builder.php(3090): Illuminate/Database/Query/Builder->onceWithColumns(Array, Object(Closure))
#12 C:/xampp/htdocs/CODEPHP/vendor/laravel/framework/src/Illuminate/Database/Concerns/BuildsQueries.php(343): Illuminate/Database/Query/Builder->get(Array)
#13 C:/xampp/htdocs/CODEPHP/vendor/laravel/framework/src/Illuminate/Database/Query/Builder.php(3013): Illuminate/Database/Query/Builder->first(Array)
#14 C:/xampp/htdocs/CODEPHP/vendor/laravel/framework/src/Illuminate/Session/DatabaseSessionHandler.php(97): Illuminate/Database/Query/Builder->find('Xv6hXYqwQkf43oh...')
#15 C:/xampp/htdocs/CODEPHP/vendor/laravel/framework/src/Illuminate/Session/Store.php(117): Illuminate/Session/DatabaseSessionHandler->read('Xv6hXYqwQkf43oh...')
#16 C:/xampp/htdocs/CODEPHP/vendor/laravel/framework/src/Illuminate/Session/Store.php(105): Illuminate/Session/Store->readFromHandler()
#17 C:/xampp/htdocs/CODEPHP/vendor/laravel/framework/src/Illuminate/Session/Store.php(89): Illuminate/Session/Store->loadSession()
#18 C:/xampp/htdocs/CODEPHP/vendor/laravel/framework/src/Illuminate/Session/Middleware/StartSession.php(147): Illuminate/Session/Store->start()
#19 C:/xampp/htdocs/CODEPHP/vendor/laravel/framework/src/Illuminate/Support/helpers.php(399): Illuminate/Session/Middleware/StartSession->Illuminate/Session/Middleware/{closure}(Object(Illuminate/Session/Store))
#20 C:/xampp/htdocs/CODEPHP/vendor/laravel/framework/src/Illuminate/Session/Middleware/StartSession.php(144): tap(Object(Illuminate/Session/Store), Object(Closure))
#21 C:/xampp/htdocs/CODEPHP/vendor/laravel/framework/src/Illuminate/Session/Middleware/StartSession.php(116): Illuminate/Session/Middleware/StartSession->startSession(Object(Illuminate/Http/Request), Object(Illuminate/Session/Store))
#22 C:/xampp/htdocs/CODEPHP/vendor/laravel/framework/src/Illuminate/Session/Middleware/StartSession.php(64): Illuminate/Session/Middleware/StartSession->handleStatefulRequest(Object(Illuminate/Http/Request), Object(Illuminate/Session/Store), Object(Closure))
#23 C:/xampp/htdocs/CODEPHP/vendor/laravel/framework/src/Illuminate/Pipeline/Pipeline.php(209): Illuminate/Session/Middleware/StartSession->handle(Object(Illuminate/Http/Request), Object(Closure))
#24 C:/xampp/htdocs/CODEPHP/vendor/laravel/framework/src/Illuminate/Cookie/Middleware/AddQueuedCookiesToResponse.php(37): Illuminate/Pipeline/Pipeline->Illuminate/Pipeline/{closure}(Object(Illuminate/Http/Request))
#25 C:/xampp/htdocs/CODEPHP/vendor/laravel/framework/src/Illuminate/Pipeline/Pipeline.php(209): Illuminate/Cookie/Middleware/AddQueuedCookiesToResponse->handle(Object(Illuminate/Http/Request), Object(Closure))
#26 C:/xampp/htdocs/CODEPHP/vendor/laravel/framework/src/Illuminate/Cookie/Middleware/EncryptCookies.php(75): Illuminate/Pipeline/Pipeline->Illuminate/Pipeline/{closure}(Object(Illuminate/Http/Request))
#27 C:/xampp/htdocs/CODEPHP/vendor/laravel/framework/src/Illuminate/Pipeline/Pipeline.php(209): Illuminate/Cookie/Middleware/EncryptCookies->handle(Object(Illuminate/Http/Request), Object(Closure))
#28 C:/xampp/htdocs/CODEPHP/vendor/laravel/framework/src/Illuminate/Pipeline/Pipeline.php(127): Illuminate/Pipeline/Pipeline->Illuminate/Pipeline/{closure}(Object(Illuminate/Http/Request))
#29 C:/xampp/htdocs/CODEPHP/vendor/laravel/framework/src/Illuminate/Routing/Router.php(807): Illuminate/Pipeline/Pipeline->then(Object(Closure))
#30 C:/xampp/htdocs/CODEPHP/vendor/laravel/framework/src/Illuminate/Routing/Router.php(786): Illuminate/Routing/Router->runRouteWithinStack(Object(Illuminate/Routing/Route), Object(Illuminate/Http/Request))
#31 C:/xampp/htdocs/CODEPHP/vendor/laravel/framework/src/Illuminate/Routing/Router.php(750): Illuminate/Routing/Router->runRoute(Object(Illuminate/Http/Request), Object(Illuminate/Routing/Route))
#32 C:/xampp/htdocs/CODEPHP/vendor/laravel/framework/src/Illuminate/Routing/Router.php(739): Illuminate/Routing/Router->dispatchToRoute(Object(Illuminate/Http/Request))
#33 C:/xampp/htdocs/CODEPHP/vendor/laravel/framework/src/Illuminate/Foundation/Http/Kernel.php(201): Illuminate/Routing/Router->dispatch(Object(Illuminate/Http/Request))
#34 C:/xampp/htdocs/CODEPHP/vendor/laravel/framework/src/Illuminate/Pipeline/Pipeline.php(170): Illuminate/Foundation/Http/Kernel->Illuminate/Foundation/Http/{closure}(Object(Illuminate/Http/Request))
#35 C:/xampp/htdocs/CODEPHP/vendor/laravel/framework/src/Illuminate/Foundation/Http/Middleware/TransformsRequest.php(21): Illuminate/Pipeline/Pipeline->Illuminate/Pipeline/{closure}(Object(Illuminate/Http/Request))
#36 C:/xampp/htdocs/CODEPHP/vendor/laravel/framework/src/Illuminate/Foundation/Http/Middleware/ConvertEmptyStringsToNull.php(31): Illuminate/Foundation/Http/Middleware/TransformsRequest->handle(Object(Illuminate/Http/Request), Object(Closure))
#37 C:/xampp/htdocs/CODEPHP/vendor/laravel/framework/src/Illuminate/Pipeline/Pipeline.php(209): Illuminate/Foundation/Http/Middleware/ConvertEmptyStringsToNull->handle(Object(Illuminate/Http/Request), Object(Closure))
#38 C:/xampp/htdocs/CODEPHP/vendor/laravel/framework/src/Illuminate/Foundation/Http/Middleware/TransformsRequest.php(21): Illuminate/Pipeline/Pipeline->Illuminate/Pipeline/{closure}(Object(Illuminate/Http/Request))
#39 C:/xampp/htdocs/CODEPHP/vendor/laravel/framework/src/Illuminate/Foundation/Http/Middleware/TrimStrings.php(51): Illuminate/Foundation/Http/Middleware/TransformsRequest->handle(Object(Illuminate/Http/Request), Object(Closure))
#40 C:/xampp/htdocs/CODEPHP/vendor/laravel/framework/src/Illuminate/Pipeline/Pipeline.php(209): Illuminate/Foundation/Http/Middleware/TrimStrings->handle(Object(Illuminate/Http/Request), Object(Closure))
#41 C:/xampp/htdocs/CODEPHP/vendor/laravel/framework/src/Illuminate/Http/Middleware/ValidatePostSize.php(27): Illuminate/Pipeline/Pipeline->Illuminate/Pipeline/{closure}(Object(Illuminate/Http/Request))
#42 C:/xampp/htdocs/CODEPHP/vendor/laravel/framework/src/Illuminate/Pipeline/Pipeline.php(209): Illuminate/Http/Middleware/ValidatePostSize->handle(Object(Illuminate/Http/Request), Object(Closure))
#43 C:/xampp/htdocs/CODEPHP/vendor/laravel/framework/src/Illuminate/Foundation/Http/Middleware/PreventRequestsDuringMaintenance.php(110): Illuminate/Pipeline/Pipeline->Illuminate/Pipeline/{closure}(Object(Illuminate/Http/Request))
#44 C:/xampp/htdocs/CODEPHP/vendor/laravel/framework/src/Illuminate/Pipeline/Pipeline.php(209): Illuminate/Foundation/Http/Middleware/PreventRequestsDuringMaintenance->handle(Object(Illuminate/Http/Request), Object(Closure))
#45 C:/xampp/htdocs/CODEPHP/vendor/laravel/framework/src/Illuminate/Http/Middleware/HandleCors.php(49): Illuminate/Pipeline/Pipeline->Illuminate/Pipeline/{closure}(Object(Illuminate/Http/Request))
#46 C:/xampp/htdocs/CODEPHP/vendor/laravel/framework/src/Illuminate/Pipeline/Pipeline.php(209): Illuminate/Http/Middleware/HandleCors->handle(Object(Illuminate/Http/Request), Object(Closure))
#47 C:/xampp/htdocs/CODEPHP/vendor/laravel/framework/src/Illuminate/Http/Middleware/TrustProxies.php(58): Illuminate/Pipeline/Pipeline->Illuminate/Pipeline/{closure}(Object(Illuminate/Http/Request))
#48 C:/xampp/htdocs/CODEPHP/vendor/laravel/framework/src/Illuminate/Pipeline/Pipeline.php(209): Illuminate/Http/Middleware/TrustProxies->handle(Object(Illuminate/Http/Request), Object(Closure))
#49 C:/xampp/htdocs/CODEPHP/vendor/laravel/framework/src/Illuminate/Foundation/Http/Middleware/InvokeDeferredCallbacks.php(22): Illuminate/Pipeline/Pipeline->Illuminate/Pipeline/{closure}(Object(Illuminate/Http/Request))
#50 C:/xampp/htdocs/CODEPHP/vendor/laravel/framework/src/Illuminate/Pipeline/Pipeline.php(209): Illuminate/Foundation/Http/Middleware/InvokeDeferredCallbacks->handle(Object(Illuminate/Http/Request), Object(Closure))
#51 C:/xampp/htdocs/CODEPHP/vendor/laravel/framework/src/Illuminate/Pipeline/Pipeline.php(127): Illuminate/Pipeline/Pipeline->Illuminate/Pipeline/{closure}(Object(Illuminate/Http/Request))
#52 C:/xampp/htdocs/CODEPHP/vendor/laravel/framework/src/Illuminate/Foundation/Http/Kernel.php(176): Illuminate/Pipeline/Pipeline->then(Object(Closure))
#53 C:/xampp/htdocs/CODEPHP/vendor/laravel/framework/src/Illuminate/Foundation/Http/Kernel.php(145): Illuminate/Foundation/Http/Kernel->sendRequestThroughRouter(Object(Illuminate/Http/Request))
#54 C:/xampp/htdocs/CODEPHP/vendor/laravel/framework/src/Illuminate/Foundation/Application.php(1220): Illuminate/Foundation/Http/Kernel->handle(Object(Illuminate/Http/Request))
#55 C:/xampp/htdocs/CODEPHP/public/index.php(17): Illuminate/Foundation/Application->handleRequest(Object(Illuminate/Http/Request))
#56 {main}
"} 
